--
-- PostgreSQL database dump
--

-- Dumped from database version 11.6
-- Dumped by pg_dump version 12.2

SET statement_timeout = 0;
SET lock_timeout = 0;
SET idle_in_transaction_session_timeout = 0;
SET client_encoding = 'UTF8';
SET standard_conforming_strings = on;
SELECT pg_catalog.set_config('search_path', '', false);
SET check_function_bodies = false;
SET xmloption = content;
SET client_min_messages = warning;
SET row_security = off;

SET default_tablespace = '';

--
-- Name: auth_group; Type: TABLE; Schema: public; Owner: vaqas
--

CREATE TABLE public.auth_group (
    id integer NOT NULL,
    name character varying(150) NOT NULL
);


ALTER TABLE public.auth_group OWNER TO vaqas;

--
-- Name: auth_group_id_seq; Type: SEQUENCE; Schema: public; Owner: vaqas
--

CREATE SEQUENCE public.auth_group_id_seq
    AS integer
    START WITH 1
    INCREMENT BY 1
    NO MINVALUE
    NO MAXVALUE
    CACHE 1;


ALTER TABLE public.auth_group_id_seq OWNER TO vaqas;

--
-- Name: auth_group_id_seq; Type: SEQUENCE OWNED BY; Schema: public; Owner: vaqas
--

ALTER SEQUENCE public.auth_group_id_seq OWNED BY public.auth_group.id;


--
-- Name: auth_group_permissions; Type: TABLE; Schema: public; Owner: vaqas
--

CREATE TABLE public.auth_group_permissions (
    id integer NOT NULL,
    group_id integer NOT NULL,
    permission_id integer NOT NULL
);


ALTER TABLE public.auth_group_permissions OWNER TO vaqas;

--
-- Name: auth_group_permissions_id_seq; Type: SEQUENCE; Schema: public; Owner: vaqas
--

CREATE SEQUENCE public.auth_group_permissions_id_seq
    AS integer
    START WITH 1
    INCREMENT BY 1
    NO MINVALUE
    NO MAXVALUE
    CACHE 1;


ALTER TABLE public.auth_group_permissions_id_seq OWNER TO vaqas;

--
-- Name: auth_group_permissions_id_seq; Type: SEQUENCE OWNED BY; Schema: public; Owner: vaqas
--

ALTER SEQUENCE public.auth_group_permissions_id_seq OWNED BY public.auth_group_permissions.id;


--
-- Name: auth_permission; Type: TABLE; Schema: public; Owner: vaqas
--

CREATE TABLE public.auth_permission (
    id integer NOT NULL,
    name character varying(255) NOT NULL,
    content_type_id integer NOT NULL,
    codename character varying(100) NOT NULL
);


ALTER TABLE public.auth_permission OWNER TO vaqas;

--
-- Name: auth_permission_id_seq; Type: SEQUENCE; Schema: public; Owner: vaqas
--

CREATE SEQUENCE public.auth_permission_id_seq
    AS integer
    START WITH 1
    INCREMENT BY 1
    NO MINVALUE
    NO MAXVALUE
    CACHE 1;


ALTER TABLE public.auth_permission_id_seq OWNER TO vaqas;

--
-- Name: auth_permission_id_seq; Type: SEQUENCE OWNED BY; Schema: public; Owner: vaqas
--

ALTER SEQUENCE public.auth_permission_id_seq OWNED BY public.auth_permission.id;


--
-- Name: auth_user; Type: TABLE; Schema: public; Owner: vaqas
--

CREATE TABLE public.auth_user (
    id integer NOT NULL,
    password character varying(128) NOT NULL,
    last_login timestamp with time zone,
    is_superuser boolean NOT NULL,
    username character varying(150) NOT NULL,
    first_name character varying(30) NOT NULL,
    last_name character varying(150) NOT NULL,
    email character varying(254) NOT NULL,
    is_staff boolean NOT NULL,
    is_active boolean NOT NULL,
    date_joined timestamp with time zone NOT NULL
);


ALTER TABLE public.auth_user OWNER TO vaqas;

--
-- Name: auth_user_groups; Type: TABLE; Schema: public; Owner: vaqas
--

CREATE TABLE public.auth_user_groups (
    id integer NOT NULL,
    user_id integer NOT NULL,
    group_id integer NOT NULL
);


ALTER TABLE public.auth_user_groups OWNER TO vaqas;

--
-- Name: auth_user_groups_id_seq; Type: SEQUENCE; Schema: public; Owner: vaqas
--

CREATE SEQUENCE public.auth_user_groups_id_seq
    AS integer
    START WITH 1
    INCREMENT BY 1
    NO MINVALUE
    NO MAXVALUE
    CACHE 1;


ALTER TABLE public.auth_user_groups_id_seq OWNER TO vaqas;

--
-- Name: auth_user_groups_id_seq; Type: SEQUENCE OWNED BY; Schema: public; Owner: vaqas
--

ALTER SEQUENCE public.auth_user_groups_id_seq OWNED BY public.auth_user_groups.id;


--
-- Name: auth_user_id_seq; Type: SEQUENCE; Schema: public; Owner: vaqas
--

CREATE SEQUENCE public.auth_user_id_seq
    AS integer
    START WITH 1
    INCREMENT BY 1
    NO MINVALUE
    NO MAXVALUE
    CACHE 1;


ALTER TABLE public.auth_user_id_seq OWNER TO vaqas;

--
-- Name: auth_user_id_seq; Type: SEQUENCE OWNED BY; Schema: public; Owner: vaqas
--

ALTER SEQUENCE public.auth_user_id_seq OWNED BY public.auth_user.id;


--
-- Name: auth_user_user_permissions; Type: TABLE; Schema: public; Owner: vaqas
--

CREATE TABLE public.auth_user_user_permissions (
    id integer NOT NULL,
    user_id integer NOT NULL,
    permission_id integer NOT NULL
);


ALTER TABLE public.auth_user_user_permissions OWNER TO vaqas;

--
-- Name: auth_user_user_permissions_id_seq; Type: SEQUENCE; Schema: public; Owner: vaqas
--

CREATE SEQUENCE public.auth_user_user_permissions_id_seq
    AS integer
    START WITH 1
    INCREMENT BY 1
    NO MINVALUE
    NO MAXVALUE
    CACHE 1;


ALTER TABLE public.auth_user_user_permissions_id_seq OWNER TO vaqas;

--
-- Name: auth_user_user_permissions_id_seq; Type: SEQUENCE OWNED BY; Schema: public; Owner: vaqas
--

ALTER SEQUENCE public.auth_user_user_permissions_id_seq OWNED BY public.auth_user_user_permissions.id;


--
-- Name: django_admin_log; Type: TABLE; Schema: public; Owner: vaqas
--

CREATE TABLE public.django_admin_log (
    id integer NOT NULL,
    action_time timestamp with time zone NOT NULL,
    object_id text,
    object_repr character varying(200) NOT NULL,
    action_flag smallint NOT NULL,
    change_message text NOT NULL,
    content_type_id integer,
    user_id integer NOT NULL,
    CONSTRAINT django_admin_log_action_flag_check CHECK ((action_flag >= 0))
);


ALTER TABLE public.django_admin_log OWNER TO vaqas;

--
-- Name: django_admin_log_id_seq; Type: SEQUENCE; Schema: public; Owner: vaqas
--

CREATE SEQUENCE public.django_admin_log_id_seq
    AS integer
    START WITH 1
    INCREMENT BY 1
    NO MINVALUE
    NO MAXVALUE
    CACHE 1;


ALTER TABLE public.django_admin_log_id_seq OWNER TO vaqas;

--
-- Name: django_admin_log_id_seq; Type: SEQUENCE OWNED BY; Schema: public; Owner: vaqas
--

ALTER SEQUENCE public.django_admin_log_id_seq OWNED BY public.django_admin_log.id;


--
-- Name: django_content_type; Type: TABLE; Schema: public; Owner: vaqas
--

CREATE TABLE public.django_content_type (
    id integer NOT NULL,
    app_label character varying(100) NOT NULL,
    model character varying(100) NOT NULL
);


ALTER TABLE public.django_content_type OWNER TO vaqas;

--
-- Name: django_content_type_id_seq; Type: SEQUENCE; Schema: public; Owner: vaqas
--

CREATE SEQUENCE public.django_content_type_id_seq
    AS integer
    START WITH 1
    INCREMENT BY 1
    NO MINVALUE
    NO MAXVALUE
    CACHE 1;


ALTER TABLE public.django_content_type_id_seq OWNER TO vaqas;

--
-- Name: django_content_type_id_seq; Type: SEQUENCE OWNED BY; Schema: public; Owner: vaqas
--

ALTER SEQUENCE public.django_content_type_id_seq OWNED BY public.django_content_type.id;


--
-- Name: django_cron_cronjoblog; Type: TABLE; Schema: public; Owner: vaqas
--

CREATE TABLE public.django_cron_cronjoblog (
    id integer NOT NULL,
    code character varying(64) NOT NULL,
    start_time timestamp with time zone NOT NULL,
    end_time timestamp with time zone NOT NULL,
    is_success boolean NOT NULL,
    message text NOT NULL,
    ran_at_time time without time zone
);


ALTER TABLE public.django_cron_cronjoblog OWNER TO vaqas;

--
-- Name: django_cron_cronjoblog_id_seq; Type: SEQUENCE; Schema: public; Owner: vaqas
--

CREATE SEQUENCE public.django_cron_cronjoblog_id_seq
    AS integer
    START WITH 1
    INCREMENT BY 1
    NO MINVALUE
    NO MAXVALUE
    CACHE 1;


ALTER TABLE public.django_cron_cronjoblog_id_seq OWNER TO vaqas;

--
-- Name: django_cron_cronjoblog_id_seq; Type: SEQUENCE OWNED BY; Schema: public; Owner: vaqas
--

ALTER SEQUENCE public.django_cron_cronjoblog_id_seq OWNED BY public.django_cron_cronjoblog.id;


--
-- Name: django_migrations; Type: TABLE; Schema: public; Owner: vaqas
--

CREATE TABLE public.django_migrations (
    id integer NOT NULL,
    app character varying(255) NOT NULL,
    name character varying(255) NOT NULL,
    applied timestamp with time zone NOT NULL
);


ALTER TABLE public.django_migrations OWNER TO vaqas;

--
-- Name: django_migrations_id_seq; Type: SEQUENCE; Schema: public; Owner: vaqas
--

CREATE SEQUENCE public.django_migrations_id_seq
    AS integer
    START WITH 1
    INCREMENT BY 1
    NO MINVALUE
    NO MAXVALUE
    CACHE 1;


ALTER TABLE public.django_migrations_id_seq OWNER TO vaqas;

--
-- Name: django_migrations_id_seq; Type: SEQUENCE OWNED BY; Schema: public; Owner: vaqas
--

ALTER SEQUENCE public.django_migrations_id_seq OWNED BY public.django_migrations.id;


--
-- Name: django_session; Type: TABLE; Schema: public; Owner: vaqas
--

CREATE TABLE public.django_session (
    session_key character varying(40) NOT NULL,
    session_data text NOT NULL,
    expire_date timestamp with time zone NOT NULL
);


ALTER TABLE public.django_session OWNER TO vaqas;

--
-- Name: employee_approved_finance_table; Type: TABLE; Schema: public; Owner: vaqas
--

CREATE TABLE public.employee_approved_finance_table (
    id integer NOT NULL,
    client_bank_account_number character varying(20),
    ifsc_code character varying(20),
    cheque_number character varying(200),
    loan_start_date date NOT NULL,
    loan_end_date date NOT NULL,
    sanctioned_amount double precision,
    total_intrest_amount double precision,
    emi_delta character varying(50),
    loan_duration integer,
    duration_type character varying(100),
    roi integer,
    no_of_emi integer,
    emi_type character varying(100),
    emi_amount double precision,
    discount double precision,
    counter_number integer,
    remarks text,
    recieved double precision,
    total double precision,
    client_bank_id character varying(100),
    finance_id integer,
    person_id character varying(500),
    status character varying(100) NOT NULL
);


ALTER TABLE public.employee_approved_finance_table OWNER TO vaqas;

--
-- Name: employee_approved_finance_table_id_seq; Type: SEQUENCE; Schema: public; Owner: vaqas
--

CREATE SEQUENCE public.employee_approved_finance_table_id_seq
    AS integer
    START WITH 1
    INCREMENT BY 1
    NO MINVALUE
    NO MAXVALUE
    CACHE 1;


ALTER TABLE public.employee_approved_finance_table_id_seq OWNER TO vaqas;

--
-- Name: employee_approved_finance_table_id_seq; Type: SEQUENCE OWNED BY; Schema: public; Owner: vaqas
--

ALTER SEQUENCE public.employee_approved_finance_table_id_seq OWNED BY public.employee_approved_finance_table.id;


--
-- Name: employee_balance; Type: TABLE; Schema: public; Owner: vaqas
--

CREATE TABLE public.employee_balance (
    id integer NOT NULL,
    cash double precision,
    bank double precision,
    n_10 integer NOT NULL,
    n_100 integer NOT NULL,
    n_20 integer NOT NULL,
    n_200 integer NOT NULL,
    n_2000 integer NOT NULL,
    n_50 integer NOT NULL,
    n_500 integer NOT NULL
);


ALTER TABLE public.employee_balance OWNER TO vaqas;

--
-- Name: employee_balance_id_seq; Type: SEQUENCE; Schema: public; Owner: vaqas
--

CREATE SEQUENCE public.employee_balance_id_seq
    AS integer
    START WITH 1
    INCREMENT BY 1
    NO MINVALUE
    NO MAXVALUE
    CACHE 1;


ALTER TABLE public.employee_balance_id_seq OWNER TO vaqas;

--
-- Name: employee_balance_id_seq; Type: SEQUENCE OWNED BY; Schema: public; Owner: vaqas
--

ALTER SEQUENCE public.employee_balance_id_seq OWNED BY public.employee_balance.id;


--
-- Name: employee_bank_choice; Type: TABLE; Schema: public; Owner: vaqas
--

CREATE TABLE public.employee_bank_choice (
    id integer NOT NULL,
    bank_choice character varying(100) NOT NULL
);


ALTER TABLE public.employee_bank_choice OWNER TO vaqas;

--
-- Name: employee_bank_choice_id_seq; Type: SEQUENCE; Schema: public; Owner: vaqas
--

CREATE SEQUENCE public.employee_bank_choice_id_seq
    AS integer
    START WITH 1
    INCREMENT BY 1
    NO MINVALUE
    NO MAXVALUE
    CACHE 1;


ALTER TABLE public.employee_bank_choice_id_seq OWNER TO vaqas;

--
-- Name: employee_bank_choice_id_seq; Type: SEQUENCE OWNED BY; Schema: public; Owner: vaqas
--

ALTER SEQUENCE public.employee_bank_choice_id_seq OWNED BY public.employee_bank_choice.id;


--
-- Name: employee_basic_details; Type: TABLE; Schema: public; Owner: vaqas
--

CREATE TABLE public.employee_basic_details (
    nomination_number character varying(500) NOT NULL,
    entry_date date NOT NULL,
    first_name character varying(100),
    last_name character varying(100),
    age integer,
    gender character varying(10),
    father_name character varying(100),
    mother_name character varying(100),
    date_of_birth date,
    current_address character varying(1000),
    village character varying(100),
    area character varying(100),
    pincode integer,
    email_id character varying(100),
    permanent_address character varying(1000),
    mobile_number_1 character varying(12),
    mobile_number_2 character varying(12),
    landline_number character varying(20),
    photograph character varying(100) NOT NULL,
    signature character varying(100) NOT NULL,
    thumb_impression character varying(100) NOT NULL,
    city_id character varying(100),
    country_id character varying(100),
    district_id character varying(100),
    state_id character varying(100)
);


ALTER TABLE public.employee_basic_details OWNER TO vaqas;

--
-- Name: employee_branch_choice; Type: TABLE; Schema: public; Owner: vaqas
--

CREATE TABLE public.employee_branch_choice (
    id integer NOT NULL,
    branch_choice character varying(100) NOT NULL
);


ALTER TABLE public.employee_branch_choice OWNER TO vaqas;

--
-- Name: employee_branch_choice_id_seq; Type: SEQUENCE; Schema: public; Owner: vaqas
--

CREATE SEQUENCE public.employee_branch_choice_id_seq
    AS integer
    START WITH 1
    INCREMENT BY 1
    NO MINVALUE
    NO MAXVALUE
    CACHE 1;


ALTER TABLE public.employee_branch_choice_id_seq OWNER TO vaqas;

--
-- Name: employee_branch_choice_id_seq; Type: SEQUENCE OWNED BY; Schema: public; Owner: vaqas
--

ALTER SEQUENCE public.employee_branch_choice_id_seq OWNED BY public.employee_branch_choice.id;


--
-- Name: employee_cash_collection; Type: TABLE; Schema: public; Owner: vaqas
--

CREATE TABLE public.employee_cash_collection (
    id integer NOT NULL,
    bill_number integer,
    date date NOT NULL,
    total_society_deposit double precision,
    total_loan_deposit double precision,
    n_10 integer NOT NULL,
    n_20 integer NOT NULL,
    n_50 integer NOT NULL,
    n_100 integer NOT NULL,
    n_200 integer NOT NULL,
    n_500 integer NOT NULL,
    n_2000 integer NOT NULL,
    employee_id character varying(500),
    remarks text NOT NULL,
    tot_reciept integer,
    tot_payment integer,
    approved boolean NOT NULL
);


ALTER TABLE public.employee_cash_collection OWNER TO vaqas;

--
-- Name: employee_cash_collection_id_seq; Type: SEQUENCE; Schema: public; Owner: vaqas
--

CREATE SEQUENCE public.employee_cash_collection_id_seq
    AS integer
    START WITH 1
    INCREMENT BY 1
    NO MINVALUE
    NO MAXVALUE
    CACHE 1;


ALTER TABLE public.employee_cash_collection_id_seq OWNER TO vaqas;

--
-- Name: employee_cash_collection_id_seq; Type: SEQUENCE OWNED BY; Schema: public; Owner: vaqas
--

ALTER SEQUENCE public.employee_cash_collection_id_seq OWNED BY public.employee_cash_collection.id;


--
-- Name: employee_cash_notes; Type: TABLE; Schema: public; Owner: vaqas
--

CREATE TABLE public.employee_cash_notes (
    id integer NOT NULL,
    _10 integer NOT NULL,
    _20 integer NOT NULL,
    _50 integer NOT NULL,
    _100 integer NOT NULL,
    _200 integer NOT NULL,
    _500 integer NOT NULL,
    _2000 integer NOT NULL,
    voucher_id integer
);


ALTER TABLE public.employee_cash_notes OWNER TO vaqas;

--
-- Name: employee_cash_notes_id_seq; Type: SEQUENCE; Schema: public; Owner: vaqas
--

CREATE SEQUENCE public.employee_cash_notes_id_seq
    AS integer
    START WITH 1
    INCREMENT BY 1
    NO MINVALUE
    NO MAXVALUE
    CACHE 1;


ALTER TABLE public.employee_cash_notes_id_seq OWNER TO vaqas;

--
-- Name: employee_cash_notes_id_seq; Type: SEQUENCE OWNED BY; Schema: public; Owner: vaqas
--

ALTER SEQUENCE public.employee_cash_notes_id_seq OWNED BY public.employee_cash_notes.id;


--
-- Name: employee_cheque_details; Type: TABLE; Schema: public; Owner: vaqas
--

CREATE TABLE public.employee_cheque_details (
    id integer NOT NULL,
    cheque_number integer NOT NULL,
    cheque_date date NOT NULL,
    bank_id character varying(100),
    branch_id character varying(100),
    voucher_id integer
);


ALTER TABLE public.employee_cheque_details OWNER TO vaqas;

--
-- Name: employee_cheque_details_id_seq; Type: SEQUENCE; Schema: public; Owner: vaqas
--

CREATE SEQUENCE public.employee_cheque_details_id_seq
    AS integer
    START WITH 1
    INCREMENT BY 1
    NO MINVALUE
    NO MAXVALUE
    CACHE 1;


ALTER TABLE public.employee_cheque_details_id_seq OWNER TO vaqas;

--
-- Name: employee_cheque_details_id_seq; Type: SEQUENCE OWNED BY; Schema: public; Owner: vaqas
--

ALTER SEQUENCE public.employee_cheque_details_id_seq OWNED BY public.employee_cheque_details.id;


--
-- Name: employee_city_choice; Type: TABLE; Schema: public; Owner: vaqas
--

CREATE TABLE public.employee_city_choice (
    id integer NOT NULL,
    city_choice character varying(100) NOT NULL
);


ALTER TABLE public.employee_city_choice OWNER TO vaqas;

--
-- Name: employee_city_choice_id_seq; Type: SEQUENCE; Schema: public; Owner: vaqas
--

CREATE SEQUENCE public.employee_city_choice_id_seq
    AS integer
    START WITH 1
    INCREMENT BY 1
    NO MINVALUE
    NO MAXVALUE
    CACHE 1;


ALTER TABLE public.employee_city_choice_id_seq OWNER TO vaqas;

--
-- Name: employee_city_choice_id_seq; Type: SEQUENCE OWNED BY; Schema: public; Owner: vaqas
--

ALTER SEQUENCE public.employee_city_choice_id_seq OWNED BY public.employee_city_choice.id;


--
-- Name: employee_client; Type: TABLE; Schema: public; Owner: vaqas
--

CREATE TABLE public.employee_client (
    basic_details_ptr_id character varying(500) NOT NULL,
    id_proof_ptr_id integer NOT NULL,
    account_nominee_name character varying(100),
    minor_checkbox boolean NOT NULL,
    guardian_name character varying(100),
    guardian_address character varying(1000),
    category character varying(10),
    nomination_fees double precision,
    sharing_amount double precision,
    remarks text,
    agent_name_id character varying(500),
    guardian_relation_id character varying(100),
    nominee_relation_id character varying(100),
    no_of_shares integer NOT NULL
);


ALTER TABLE public.employee_client OWNER TO vaqas;

--
-- Name: employee_collection_deposit; Type: TABLE; Schema: public; Owner: vaqas
--

CREATE TABLE public.employee_collection_deposit (
    id integer NOT NULL,
    bill_no integer,
    payment_received_date date,
    payment_received double precision,
    previous_balance double precision,
    latest_intrest double precision,
    remarks text,
    deposit_id integer,
    agent_name_id character varying(500),
    person_id character varying(500)
);


ALTER TABLE public.employee_collection_deposit OWNER TO vaqas;

--
-- Name: employee_collection_deposit_id_seq; Type: SEQUENCE; Schema: public; Owner: vaqas
--

CREATE SEQUENCE public.employee_collection_deposit_id_seq
    AS integer
    START WITH 1
    INCREMENT BY 1
    NO MINVALUE
    NO MAXVALUE
    CACHE 1;


ALTER TABLE public.employee_collection_deposit_id_seq OWNER TO vaqas;

--
-- Name: employee_collection_deposit_id_seq; Type: SEQUENCE OWNED BY; Schema: public; Owner: vaqas
--

ALTER SEQUENCE public.employee_collection_deposit_id_seq OWNED BY public.employee_collection_deposit.id;


--
-- Name: employee_collection_finance; Type: TABLE; Schema: public; Owner: vaqas
--

CREATE TABLE public.employee_collection_finance (
    id integer NOT NULL,
    bill_no integer,
    loan_emi_received_date date,
    loan_emi_received double precision,
    penalty double precision,
    remarks text,
    finance_id integer,
    agent_name_id character varying(500),
    person_id character varying(500)
);


ALTER TABLE public.employee_collection_finance OWNER TO vaqas;

--
-- Name: employee_collection_finance_id_seq; Type: SEQUENCE; Schema: public; Owner: vaqas
--

CREATE SEQUENCE public.employee_collection_finance_id_seq
    AS integer
    START WITH 1
    INCREMENT BY 1
    NO MINVALUE
    NO MAXVALUE
    CACHE 1;


ALTER TABLE public.employee_collection_finance_id_seq OWNER TO vaqas;

--
-- Name: employee_collection_finance_id_seq; Type: SEQUENCE OWNED BY; Schema: public; Owner: vaqas
--

ALTER SEQUENCE public.employee_collection_finance_id_seq OWNED BY public.employee_collection_finance.id;


--
-- Name: employee_contra_voucher; Type: TABLE; Schema: public; Owner: vaqas
--

CREATE TABLE public.employee_contra_voucher (
    voucher_number integer NOT NULL,
    date date NOT NULL,
    voucher_type character varying(5) NOT NULL,
    serial_number integer NOT NULL,
    particulars character varying(150) NOT NULL,
    amount double precision NOT NULL,
    currency_detail text NOT NULL,
    cheque_number integer NOT NULL,
    cheque_date date NOT NULL,
    remarks text NOT NULL,
    bank_id character varying(100),
    branch_id character varying(100),
    head_id character varying(100)
);


ALTER TABLE public.employee_contra_voucher OWNER TO vaqas;

--
-- Name: employee_contra_voucher_voucher_number_seq; Type: SEQUENCE; Schema: public; Owner: vaqas
--

CREATE SEQUENCE public.employee_contra_voucher_voucher_number_seq
    AS integer
    START WITH 1
    INCREMENT BY 1
    NO MINVALUE
    NO MAXVALUE
    CACHE 1;


ALTER TABLE public.employee_contra_voucher_voucher_number_seq OWNER TO vaqas;

--
-- Name: employee_contra_voucher_voucher_number_seq; Type: SEQUENCE OWNED BY; Schema: public; Owner: vaqas
--

ALTER SEQUENCE public.employee_contra_voucher_voucher_number_seq OWNED BY public.employee_contra_voucher.voucher_number;


--
-- Name: employee_country_choice; Type: TABLE; Schema: public; Owner: vaqas
--

CREATE TABLE public.employee_country_choice (
    id integer NOT NULL,
    country_choice character varying(100) NOT NULL
);


ALTER TABLE public.employee_country_choice OWNER TO vaqas;

--
-- Name: employee_country_choice_id_seq; Type: SEQUENCE; Schema: public; Owner: vaqas
--

CREATE SEQUENCE public.employee_country_choice_id_seq
    AS integer
    START WITH 1
    INCREMENT BY 1
    NO MINVALUE
    NO MAXVALUE
    CACHE 1;


ALTER TABLE public.employee_country_choice_id_seq OWNER TO vaqas;

--
-- Name: employee_country_choice_id_seq; Type: SEQUENCE OWNED BY; Schema: public; Owner: vaqas
--

ALTER SEQUENCE public.employee_country_choice_id_seq OWNED BY public.employee_country_choice.id;


--
-- Name: employee_depositchoice; Type: TABLE; Schema: public; Owner: vaqas
--

CREATE TABLE public.employee_depositchoice (
    id integer NOT NULL,
    name character varying(100) NOT NULL,
    emi_type character varying(100),
    amount double precision
);


ALTER TABLE public.employee_depositchoice OWNER TO vaqas;

--
-- Name: employee_depositchoice_id_seq; Type: SEQUENCE; Schema: public; Owner: vaqas
--

CREATE SEQUENCE public.employee_depositchoice_id_seq
    AS integer
    START WITH 1
    INCREMENT BY 1
    NO MINVALUE
    NO MAXVALUE
    CACHE 1;


ALTER TABLE public.employee_depositchoice_id_seq OWNER TO vaqas;

--
-- Name: employee_depositchoice_id_seq; Type: SEQUENCE OWNED BY; Schema: public; Owner: vaqas
--

ALTER SEQUENCE public.employee_depositchoice_id_seq OWNED BY public.employee_depositchoice.id;


--
-- Name: employee_deposits_table; Type: TABLE; Schema: public; Owner: vaqas
--

CREATE TABLE public.employee_deposits_table (
    id integer NOT NULL,
    society_account_number character varying(500),
    client_bank_account_number character varying(500),
    ifsc_code character varying(20),
    account_opening_date date NOT NULL,
    account_opening_amount double precision,
    interest_collected double precision,
    balance double precision,
    maturity_date date,
    maturity_amount double precision,
    counter_number integer,
    remarks text,
    category_id integer,
    client_bank_id character varying(100),
    scheme_id integer,
    agent_name_id character varying(500),
    person_id character varying(500),
    maturity_interest double precision,
    status character varying(100) NOT NULL
);


ALTER TABLE public.employee_deposits_table OWNER TO vaqas;

--
-- Name: employee_deposits_table_id_seq; Type: SEQUENCE; Schema: public; Owner: vaqas
--

CREATE SEQUENCE public.employee_deposits_table_id_seq
    AS integer
    START WITH 1
    INCREMENT BY 1
    NO MINVALUE
    NO MAXVALUE
    CACHE 1;


ALTER TABLE public.employee_deposits_table_id_seq OWNER TO vaqas;

--
-- Name: employee_deposits_table_id_seq; Type: SEQUENCE OWNED BY; Schema: public; Owner: vaqas
--

ALTER SEQUENCE public.employee_deposits_table_id_seq OWNED BY public.employee_deposits_table.id;


--
-- Name: employee_district_choice; Type: TABLE; Schema: public; Owner: vaqas
--

CREATE TABLE public.employee_district_choice (
    id integer NOT NULL,
    district_choice character varying(100) NOT NULL
);


ALTER TABLE public.employee_district_choice OWNER TO vaqas;

--
-- Name: employee_district_choice_id_seq; Type: SEQUENCE; Schema: public; Owner: vaqas
--

CREATE SEQUENCE public.employee_district_choice_id_seq
    AS integer
    START WITH 1
    INCREMENT BY 1
    NO MINVALUE
    NO MAXVALUE
    CACHE 1;


ALTER TABLE public.employee_district_choice_id_seq OWNER TO vaqas;

--
-- Name: employee_district_choice_id_seq; Type: SEQUENCE OWNED BY; Schema: public; Owner: vaqas
--

ALTER SEQUENCE public.employee_district_choice_id_seq OWNED BY public.employee_district_choice.id;


--
-- Name: employee_documents; Type: TABLE; Schema: public; Owner: vaqas
--

CREATE TABLE public.employee_documents (
    id integer NOT NULL,
    name character varying(100) NOT NULL,
    status character varying(100) NOT NULL,
    "Submit_date" date NOT NULL,
    remarks text NOT NULL,
    cli_id character varying(500)
);


ALTER TABLE public.employee_documents OWNER TO vaqas;

--
-- Name: employee_documents_id_seq; Type: SEQUENCE; Schema: public; Owner: vaqas
--

CREATE SEQUENCE public.employee_documents_id_seq
    AS integer
    START WITH 1
    INCREMENT BY 1
    NO MINVALUE
    NO MAXVALUE
    CACHE 1;


ALTER TABLE public.employee_documents_id_seq OWNER TO vaqas;

--
-- Name: employee_documents_id_seq; Type: SEQUENCE OWNED BY; Schema: public; Owner: vaqas
--

ALTER SEQUENCE public.employee_documents_id_seq OWNED BY public.employee_documents.id;


--
-- Name: employee_emp_payments; Type: TABLE; Schema: public; Owner: vaqas
--

CREATE TABLE public.employee_emp_payments (
    id integer NOT NULL,
    name character varying(100) NOT NULL,
    "TYPE" character varying(100) NOT NULL,
    amount integer NOT NULL,
    cash_col_id integer
);


ALTER TABLE public.employee_emp_payments OWNER TO vaqas;

--
-- Name: employee_emp_payments_id_seq; Type: SEQUENCE; Schema: public; Owner: vaqas
--

CREATE SEQUENCE public.employee_emp_payments_id_seq
    AS integer
    START WITH 1
    INCREMENT BY 1
    NO MINVALUE
    NO MAXVALUE
    CACHE 1;


ALTER TABLE public.employee_emp_payments_id_seq OWNER TO vaqas;

--
-- Name: employee_emp_payments_id_seq; Type: SEQUENCE OWNED BY; Schema: public; Owner: vaqas
--

ALTER SEQUENCE public.employee_emp_payments_id_seq OWNED BY public.employee_emp_payments.id;


--
-- Name: employee_employee_interview; Type: TABLE; Schema: public; Owner: vaqas
--

CREATE TABLE public.employee_employee_interview (
    basic_details_ptr_id character varying(500) NOT NULL,
    interview_date date NOT NULL,
    joined boolean NOT NULL,
    referal_mobile_number_1 integer,
    referal_mobile_number_2 integer,
    referal_address character varying(1000),
    finance_coll integer NOT NULL,
    deposit_coll integer NOT NULL,
    referal_photograph character varying(100) NOT NULL,
    referal_signature character varying(100) NOT NULL,
    upload_id_1 character varying(100) NOT NULL,
    upload_id_2 character varying(100) NOT NULL,
    upload_bank_passbook character varying(100) NOT NULL,
    upload_cheque character varying(100) NOT NULL,
    upload_stamp_paper character varying(100) NOT NULL,
    referal_id character varying(500),
    account_nominee_contact character varying(10),
    account_nominee_name character varying(100)
);


ALTER TABLE public.employee_employee_interview OWNER TO vaqas;

--
-- Name: employee_employee_joining; Type: TABLE; Schema: public; Owner: vaqas
--

CREATE TABLE public.employee_employee_joining (
    id integer NOT NULL,
    joining_date date NOT NULL,
    salary double precision,
    bonus double precision NOT NULL,
    deduction double precision NOT NULL,
    total double precision,
    employee_id character varying(500),
    designation character varying(100)
);


ALTER TABLE public.employee_employee_joining OWNER TO vaqas;

--
-- Name: employee_employee_joining_id_seq; Type: SEQUENCE; Schema: public; Owner: vaqas
--

CREATE SEQUENCE public.employee_employee_joining_id_seq
    AS integer
    START WITH 1
    INCREMENT BY 1
    NO MINVALUE
    NO MAXVALUE
    CACHE 1;


ALTER TABLE public.employee_employee_joining_id_seq OWNER TO vaqas;

--
-- Name: employee_employee_joining_id_seq; Type: SEQUENCE OWNED BY; Schema: public; Owner: vaqas
--

ALTER SEQUENCE public.employee_employee_joining_id_seq OWNED BY public.employee_employee_joining.id;


--
-- Name: employee_finance_table; Type: TABLE; Schema: public; Owner: vaqas
--

CREATE TABLE public.employee_finance_table (
    id integer NOT NULL,
    loan_account_number character varying(500),
    demanded_amount double precision,
    loan_duration integer,
    duration_type character varying(100),
    emi_type character varying(100),
    applied_date date NOT NULL,
    stamp_photograph character varying(100) NOT NULL,
    cheque_photograph character varying(100) NOT NULL,
    category character varying(100),
    approved boolean NOT NULL,
    expected_date date,
    expected_amount double precision,
    remarks text,
    loan_type_id integer,
    agent_name_id character varying(500),
    person_id character varying(500),
    gaurantor_id integer
);


ALTER TABLE public.employee_finance_table OWNER TO vaqas;

--
-- Name: employee_finance_table_id_seq; Type: SEQUENCE; Schema: public; Owner: vaqas
--

CREATE SEQUENCE public.employee_finance_table_id_seq
    AS integer
    START WITH 1
    INCREMENT BY 1
    NO MINVALUE
    NO MAXVALUE
    CACHE 1;


ALTER TABLE public.employee_finance_table_id_seq OWNER TO vaqas;

--
-- Name: employee_finance_table_id_seq; Type: SEQUENCE OWNED BY; Schema: public; Owner: vaqas
--

ALTER SEQUENCE public.employee_finance_table_id_seq OWNED BY public.employee_finance_table.id;


--
-- Name: employee_financechoice; Type: TABLE; Schema: public; Owner: vaqas
--

CREATE TABLE public.employee_financechoice (
    id integer NOT NULL,
    name character varying(100) NOT NULL,
    amount double precision
);


ALTER TABLE public.employee_financechoice OWNER TO vaqas;

--
-- Name: employee_financechoice_id_seq; Type: SEQUENCE; Schema: public; Owner: vaqas
--

CREATE SEQUENCE public.employee_financechoice_id_seq
    AS integer
    START WITH 1
    INCREMENT BY 1
    NO MINVALUE
    NO MAXVALUE
    CACHE 1;


ALTER TABLE public.employee_financechoice_id_seq OWNER TO vaqas;

--
-- Name: employee_financechoice_id_seq; Type: SEQUENCE OWNED BY; Schema: public; Owner: vaqas
--

ALTER SEQUENCE public.employee_financechoice_id_seq OWNED BY public.employee_financechoice.id;


--
-- Name: employee_gaurantor; Type: TABLE; Schema: public; Owner: vaqas
--

CREATE TABLE public.employee_gaurantor (
    id integer NOT NULL,
    name character varying(100),
    address character varying(500),
    photograph character varying(100) NOT NULL,
    "ID_documents" character varying(100) NOT NULL,
    no_finance integer NOT NULL,
    expected_amount integer NOT NULL,
    contact character varying(20)
);


ALTER TABLE public.employee_gaurantor OWNER TO vaqas;

--
-- Name: employee_gaurantor_id_seq; Type: SEQUENCE; Schema: public; Owner: vaqas
--

CREATE SEQUENCE public.employee_gaurantor_id_seq
    AS integer
    START WITH 1
    INCREMENT BY 1
    NO MINVALUE
    NO MAXVALUE
    CACHE 1;


ALTER TABLE public.employee_gaurantor_id_seq OWNER TO vaqas;

--
-- Name: employee_gaurantor_id_seq; Type: SEQUENCE OWNED BY; Schema: public; Owner: vaqas
--

ALTER SEQUENCE public.employee_gaurantor_id_seq OWNED BY public.employee_gaurantor.id;


--
-- Name: employee_head; Type: TABLE; Schema: public; Owner: vaqas
--

CREATE TABLE public.employee_head (
    id integer NOT NULL,
    value character varying(100) NOT NULL
);


ALTER TABLE public.employee_head OWNER TO vaqas;

--
-- Name: employee_head_id_seq; Type: SEQUENCE; Schema: public; Owner: vaqas
--

CREATE SEQUENCE public.employee_head_id_seq
    AS integer
    START WITH 1
    INCREMENT BY 1
    NO MINVALUE
    NO MAXVALUE
    CACHE 1;


ALTER TABLE public.employee_head_id_seq OWNER TO vaqas;

--
-- Name: employee_head_id_seq; Type: SEQUENCE OWNED BY; Schema: public; Owner: vaqas
--

ALTER SEQUENCE public.employee_head_id_seq OWNED BY public.employee_head.id;


--
-- Name: employee_id_proof; Type: TABLE; Schema: public; Owner: vaqas
--

CREATE TABLE public.employee_id_proof (
    id integer NOT NULL,
    id_number character varying(20),
    id_photograph1 character varying(100) NOT NULL,
    id_photograph2 character varying(100),
    id_photograph3 character varying(100),
    id_photograph4 character varying(100),
    id_type_id character varying(100)
);


ALTER TABLE public.employee_id_proof OWNER TO vaqas;

--
-- Name: employee_id_proof_id_seq; Type: SEQUENCE; Schema: public; Owner: vaqas
--

CREATE SEQUENCE public.employee_id_proof_id_seq
    AS integer
    START WITH 1
    INCREMENT BY 1
    NO MINVALUE
    NO MAXVALUE
    CACHE 1;


ALTER TABLE public.employee_id_proof_id_seq OWNER TO vaqas;

--
-- Name: employee_id_proof_id_seq; Type: SEQUENCE OWNED BY; Schema: public; Owner: vaqas
--

ALTER SEQUENCE public.employee_id_proof_id_seq OWNED BY public.employee_id_proof.id;


--
-- Name: employee_id_type_choice; Type: TABLE; Schema: public; Owner: vaqas
--

CREATE TABLE public.employee_id_type_choice (
    id integer NOT NULL,
    id_type_choice character varying(100) NOT NULL
);


ALTER TABLE public.employee_id_type_choice OWNER TO vaqas;

--
-- Name: employee_id_type_choice_id_seq; Type: SEQUENCE; Schema: public; Owner: vaqas
--

CREATE SEQUENCE public.employee_id_type_choice_id_seq
    AS integer
    START WITH 1
    INCREMENT BY 1
    NO MINVALUE
    NO MAXVALUE
    CACHE 1;


ALTER TABLE public.employee_id_type_choice_id_seq OWNER TO vaqas;

--
-- Name: employee_id_type_choice_id_seq; Type: SEQUENCE OWNED BY; Schema: public; Owner: vaqas
--

ALTER SEQUENCE public.employee_id_type_choice_id_seq OWNED BY public.employee_id_type_choice.id;


--
-- Name: employee_journal_voucher; Type: TABLE; Schema: public; Owner: vaqas
--

CREATE TABLE public.employee_journal_voucher (
    voucher_number integer NOT NULL,
    date date NOT NULL,
    voucher_type character varying(5) NOT NULL,
    serial_number integer NOT NULL,
    particulars character varying(150) NOT NULL,
    amount double precision NOT NULL,
    currency_detail text NOT NULL,
    head_id character varying(100),
    major_head_id character varying(100),
    sub_head_id character varying(100)
);


ALTER TABLE public.employee_journal_voucher OWNER TO vaqas;

--
-- Name: employee_journal_voucher_voucher_number_seq; Type: SEQUENCE; Schema: public; Owner: vaqas
--

CREATE SEQUENCE public.employee_journal_voucher_voucher_number_seq
    AS integer
    START WITH 1
    INCREMENT BY 1
    NO MINVALUE
    NO MAXVALUE
    CACHE 1;


ALTER TABLE public.employee_journal_voucher_voucher_number_seq OWNER TO vaqas;

--
-- Name: employee_journal_voucher_voucher_number_seq; Type: SEQUENCE OWNED BY; Schema: public; Owner: vaqas
--

ALTER SEQUENCE public.employee_journal_voucher_voucher_number_seq OWNED BY public.employee_journal_voucher.voucher_number;


--
-- Name: employee_major_head; Type: TABLE; Schema: public; Owner: vaqas
--

CREATE TABLE public.employee_major_head (
    id integer NOT NULL,
    value character varying(100) NOT NULL
);


ALTER TABLE public.employee_major_head OWNER TO vaqas;

--
-- Name: employee_major_head_id_seq; Type: SEQUENCE; Schema: public; Owner: vaqas
--

CREATE SEQUENCE public.employee_major_head_id_seq
    AS integer
    START WITH 1
    INCREMENT BY 1
    NO MINVALUE
    NO MAXVALUE
    CACHE 1;


ALTER TABLE public.employee_major_head_id_seq OWNER TO vaqas;

--
-- Name: employee_major_head_id_seq; Type: SEQUENCE OWNED BY; Schema: public; Owner: vaqas
--

ALTER SEQUENCE public.employee_major_head_id_seq OWNED BY public.employee_major_head.id;


--
-- Name: employee_payment_voucher; Type: TABLE; Schema: public; Owner: vaqas
--

CREATE TABLE public.employee_payment_voucher (
    voucher_number integer NOT NULL,
    date date NOT NULL,
    voucher_type character varying(5) NOT NULL,
    serial_number integer NOT NULL,
    particulars character varying(150) NOT NULL,
    amount double precision NOT NULL,
    currency_detail text NOT NULL,
    cheque_number integer,
    cheque_date date,
    remarks text,
    bank_id character varying(100),
    branch_id character varying(100),
    head_id character varying(100),
    major_head_id character varying(100),
    sub_head_id character varying(100)
);


ALTER TABLE public.employee_payment_voucher OWNER TO vaqas;

--
-- Name: employee_payment_voucher_voucher_number_seq; Type: SEQUENCE; Schema: public; Owner: vaqas
--

CREATE SEQUENCE public.employee_payment_voucher_voucher_number_seq
    AS integer
    START WITH 1
    INCREMENT BY 1
    NO MINVALUE
    NO MAXVALUE
    CACHE 1;


ALTER TABLE public.employee_payment_voucher_voucher_number_seq OWNER TO vaqas;

--
-- Name: employee_payment_voucher_voucher_number_seq; Type: SEQUENCE OWNED BY; Schema: public; Owner: vaqas
--

ALTER SEQUENCE public.employee_payment_voucher_voucher_number_seq OWNED BY public.employee_payment_voucher.voucher_number;


--
-- Name: employee_relation_choice; Type: TABLE; Schema: public; Owner: vaqas
--

CREATE TABLE public.employee_relation_choice (
    id integer NOT NULL,
    relation_choice character varying(100) NOT NULL
);


ALTER TABLE public.employee_relation_choice OWNER TO vaqas;

--
-- Name: employee_relation_choice_id_seq; Type: SEQUENCE; Schema: public; Owner: vaqas
--

CREATE SEQUENCE public.employee_relation_choice_id_seq
    AS integer
    START WITH 1
    INCREMENT BY 1
    NO MINVALUE
    NO MAXVALUE
    CACHE 1;


ALTER TABLE public.employee_relation_choice_id_seq OWNER TO vaqas;

--
-- Name: employee_relation_choice_id_seq; Type: SEQUENCE OWNED BY; Schema: public; Owner: vaqas
--

ALTER SEQUENCE public.employee_relation_choice_id_seq OWNED BY public.employee_relation_choice.id;


--
-- Name: employee_scheme; Type: TABLE; Schema: public; Owner: vaqas
--

CREATE TABLE public.employee_scheme (
    id integer NOT NULL,
    name character varying(100) NOT NULL,
    duration integer,
    duration_type character varying(100),
    interest_rate double precision,
    per_day_roi double precision
);


ALTER TABLE public.employee_scheme OWNER TO vaqas;

--
-- Name: employee_scheme_id_seq; Type: SEQUENCE; Schema: public; Owner: vaqas
--

CREATE SEQUENCE public.employee_scheme_id_seq
    AS integer
    START WITH 1
    INCREMENT BY 1
    NO MINVALUE
    NO MAXVALUE
    CACHE 1;


ALTER TABLE public.employee_scheme_id_seq OWNER TO vaqas;

--
-- Name: employee_scheme_id_seq; Type: SEQUENCE OWNED BY; Schema: public; Owner: vaqas
--

ALTER SEQUENCE public.employee_scheme_id_seq OWNED BY public.employee_scheme.id;


--
-- Name: employee_state_choice; Type: TABLE; Schema: public; Owner: vaqas
--

CREATE TABLE public.employee_state_choice (
    id integer NOT NULL,
    state_choice character varying(100) NOT NULL
);


ALTER TABLE public.employee_state_choice OWNER TO vaqas;

--
-- Name: employee_state_choice_id_seq; Type: SEQUENCE; Schema: public; Owner: vaqas
--

CREATE SEQUENCE public.employee_state_choice_id_seq
    AS integer
    START WITH 1
    INCREMENT BY 1
    NO MINVALUE
    NO MAXVALUE
    CACHE 1;


ALTER TABLE public.employee_state_choice_id_seq OWNER TO vaqas;

--
-- Name: employee_state_choice_id_seq; Type: SEQUENCE OWNED BY; Schema: public; Owner: vaqas
--

ALTER SEQUENCE public.employee_state_choice_id_seq OWNED BY public.employee_state_choice.id;


--
-- Name: employee_sub_head; Type: TABLE; Schema: public; Owner: vaqas
--

CREATE TABLE public.employee_sub_head (
    id integer NOT NULL,
    value character varying(100) NOT NULL
);


ALTER TABLE public.employee_sub_head OWNER TO vaqas;

--
-- Name: employee_sub_head_id_seq; Type: SEQUENCE; Schema: public; Owner: vaqas
--

CREATE SEQUENCE public.employee_sub_head_id_seq
    AS integer
    START WITH 1
    INCREMENT BY 1
    NO MINVALUE
    NO MAXVALUE
    CACHE 1;


ALTER TABLE public.employee_sub_head_id_seq OWNER TO vaqas;

--
-- Name: employee_sub_head_id_seq; Type: SEQUENCE OWNED BY; Schema: public; Owner: vaqas
--

ALTER SEQUENCE public.employee_sub_head_id_seq OWNED BY public.employee_sub_head.id;


--
-- Name: employee_uploaddocs; Type: TABLE; Schema: public; Owner: vaqas
--

CREATE TABLE public.employee_uploaddocs (
    id integer NOT NULL,
    id_num character varying(100) NOT NULL,
    doc character varying(100) NOT NULL,
    "TYPE" character varying(100) NOT NULL,
    date date NOT NULL
);


ALTER TABLE public.employee_uploaddocs OWNER TO vaqas;

--
-- Name: employee_uploaddocs_id_seq; Type: SEQUENCE; Schema: public; Owner: vaqas
--

CREATE SEQUENCE public.employee_uploaddocs_id_seq
    AS integer
    START WITH 1
    INCREMENT BY 1
    NO MINVALUE
    NO MAXVALUE
    CACHE 1;


ALTER TABLE public.employee_uploaddocs_id_seq OWNER TO vaqas;

--
-- Name: employee_uploaddocs_id_seq; Type: SEQUENCE OWNED BY; Schema: public; Owner: vaqas
--

ALTER SEQUENCE public.employee_uploaddocs_id_seq OWNED BY public.employee_uploaddocs.id;


--
-- Name: employee_voucher; Type: TABLE; Schema: public; Owner: vaqas
--

CREATE TABLE public.employee_voucher (
    voucher_number integer NOT NULL,
    date date NOT NULL,
    transact_type character varying(50) NOT NULL,
    voucher_type character varying(50) NOT NULL,
    amount double precision NOT NULL,
    remarks text NOT NULL,
    n_10 integer NOT NULL,
    n_100 integer NOT NULL,
    n_20 integer NOT NULL,
    n_200 integer NOT NULL,
    n_2000 integer NOT NULL,
    n_50 integer NOT NULL,
    n_500 integer NOT NULL,
    curr_bank double precision NOT NULL,
    curr_cash double precision NOT NULL,
    title character varying(50) NOT NULL,
    updated_bank double precision NOT NULL,
    updated_cash double precision NOT NULL,
    head character varying(100) NOT NULL,
    sub_head character varying(100) NOT NULL
);


ALTER TABLE public.employee_voucher OWNER TO vaqas;

--
-- Name: employee_voucher_voucher_number_seq; Type: SEQUENCE; Schema: public; Owner: vaqas
--

CREATE SEQUENCE public.employee_voucher_voucher_number_seq
    AS integer
    START WITH 1
    INCREMENT BY 1
    NO MINVALUE
    NO MAXVALUE
    CACHE 1;


ALTER TABLE public.employee_voucher_voucher_number_seq OWNER TO vaqas;

--
-- Name: employee_voucher_voucher_number_seq; Type: SEQUENCE OWNED BY; Schema: public; Owner: vaqas
--

ALTER SEQUENCE public.employee_voucher_voucher_number_seq OWNED BY public.employee_voucher.voucher_number;


--
-- Name: employee_voucherhead; Type: TABLE; Schema: public; Owner: vaqas
--

CREATE TABLE public.employee_voucherhead (
    id integer NOT NULL,
    head character varying(200) NOT NULL,
    voucher_id integer
);


ALTER TABLE public.employee_voucherhead OWNER TO vaqas;

--
-- Name: employee_voucherhead_id_seq; Type: SEQUENCE; Schema: public; Owner: vaqas
--

CREATE SEQUENCE public.employee_voucherhead_id_seq
    AS integer
    START WITH 1
    INCREMENT BY 1
    NO MINVALUE
    NO MAXVALUE
    CACHE 1;


ALTER TABLE public.employee_voucherhead_id_seq OWNER TO vaqas;

--
-- Name: employee_voucherhead_id_seq; Type: SEQUENCE OWNED BY; Schema: public; Owner: vaqas
--

ALTER SEQUENCE public.employee_voucherhead_id_seq OWNED BY public.employee_voucherhead.id;


--
-- Name: employee_voucherparticulars; Type: TABLE; Schema: public; Owner: vaqas
--

CREATE TABLE public.employee_voucherparticulars (
    id integer NOT NULL,
    name character varying(200) NOT NULL,
    amount integer NOT NULL,
    voucher_id integer
);


ALTER TABLE public.employee_voucherparticulars OWNER TO vaqas;

--
-- Name: employee_voucherparticulars_id_seq; Type: SEQUENCE; Schema: public; Owner: vaqas
--

CREATE SEQUENCE public.employee_voucherparticulars_id_seq
    AS integer
    START WITH 1
    INCREMENT BY 1
    NO MINVALUE
    NO MAXVALUE
    CACHE 1;


ALTER TABLE public.employee_voucherparticulars_id_seq OWNER TO vaqas;

--
-- Name: employee_voucherparticulars_id_seq; Type: SEQUENCE OWNED BY; Schema: public; Owner: vaqas
--

ALTER SEQUENCE public.employee_voucherparticulars_id_seq OWNED BY public.employee_voucherparticulars.id;


--
-- Name: employee_withdrawl_entry; Type: TABLE; Schema: public; Owner: vaqas
--

CREATE TABLE public.employee_withdrawl_entry (
    id integer NOT NULL,
    bill_no integer NOT NULL,
    amount_withdrawl_date date NOT NULL,
    category character varying(100),
    holder_name character varying(100),
    available_amount double precision,
    amount_withdrawl double precision,
    intrest_amount double precision,
    deduction_amount double precision,
    paymode character varying(100),
    cheque_no character varying(200),
    n_10 integer NOT NULL,
    n_20 integer NOT NULL,
    n_50 integer NOT NULL,
    n_100 integer NOT NULL,
    n_200 integer NOT NULL,
    n_500 integer NOT NULL,
    n_2000 integer NOT NULL,
    remarks text,
    society_account_id integer
);


ALTER TABLE public.employee_withdrawl_entry OWNER TO vaqas;

--
-- Name: employee_withdrawl_entry_id_seq; Type: SEQUENCE; Schema: public; Owner: vaqas
--

CREATE SEQUENCE public.employee_withdrawl_entry_id_seq
    AS integer
    START WITH 1
    INCREMENT BY 1
    NO MINVALUE
    NO MAXVALUE
    CACHE 1;


ALTER TABLE public.employee_withdrawl_entry_id_seq OWNER TO vaqas;

--
-- Name: employee_withdrawl_entry_id_seq; Type: SEQUENCE OWNED BY; Schema: public; Owner: vaqas
--

ALTER SEQUENCE public.employee_withdrawl_entry_id_seq OWNED BY public.employee_withdrawl_entry.id;


--
-- Name: auth_group id; Type: DEFAULT; Schema: public; Owner: vaqas
--

ALTER TABLE ONLY public.auth_group ALTER COLUMN id SET DEFAULT nextval('public.auth_group_id_seq'::regclass);


--
-- Name: auth_group_permissions id; Type: DEFAULT; Schema: public; Owner: vaqas
--

ALTER TABLE ONLY public.auth_group_permissions ALTER COLUMN id SET DEFAULT nextval('public.auth_group_permissions_id_seq'::regclass);


--
-- Name: auth_permission id; Type: DEFAULT; Schema: public; Owner: vaqas
--

ALTER TABLE ONLY public.auth_permission ALTER COLUMN id SET DEFAULT nextval('public.auth_permission_id_seq'::regclass);


--
-- Name: auth_user id; Type: DEFAULT; Schema: public; Owner: vaqas
--

ALTER TABLE ONLY public.auth_user ALTER COLUMN id SET DEFAULT nextval('public.auth_user_id_seq'::regclass);


--
-- Name: auth_user_groups id; Type: DEFAULT; Schema: public; Owner: vaqas
--

ALTER TABLE ONLY public.auth_user_groups ALTER COLUMN id SET DEFAULT nextval('public.auth_user_groups_id_seq'::regclass);


--
-- Name: auth_user_user_permissions id; Type: DEFAULT; Schema: public; Owner: vaqas
--

ALTER TABLE ONLY public.auth_user_user_permissions ALTER COLUMN id SET DEFAULT nextval('public.auth_user_user_permissions_id_seq'::regclass);


--
-- Name: django_admin_log id; Type: DEFAULT; Schema: public; Owner: vaqas
--

ALTER TABLE ONLY public.django_admin_log ALTER COLUMN id SET DEFAULT nextval('public.django_admin_log_id_seq'::regclass);


--
-- Name: django_content_type id; Type: DEFAULT; Schema: public; Owner: vaqas
--

ALTER TABLE ONLY public.django_content_type ALTER COLUMN id SET DEFAULT nextval('public.django_content_type_id_seq'::regclass);


--
-- Name: django_cron_cronjoblog id; Type: DEFAULT; Schema: public; Owner: vaqas
--

ALTER TABLE ONLY public.django_cron_cronjoblog ALTER COLUMN id SET DEFAULT nextval('public.django_cron_cronjoblog_id_seq'::regclass);


--
-- Name: django_migrations id; Type: DEFAULT; Schema: public; Owner: vaqas
--

ALTER TABLE ONLY public.django_migrations ALTER COLUMN id SET DEFAULT nextval('public.django_migrations_id_seq'::regclass);


--
-- Name: employee_approved_finance_table id; Type: DEFAULT; Schema: public; Owner: vaqas
--

ALTER TABLE ONLY public.employee_approved_finance_table ALTER COLUMN id SET DEFAULT nextval('public.employee_approved_finance_table_id_seq'::regclass);


--
-- Name: employee_balance id; Type: DEFAULT; Schema: public; Owner: vaqas
--

ALTER TABLE ONLY public.employee_balance ALTER COLUMN id SET DEFAULT nextval('public.employee_balance_id_seq'::regclass);


--
-- Name: employee_bank_choice id; Type: DEFAULT; Schema: public; Owner: vaqas
--

ALTER TABLE ONLY public.employee_bank_choice ALTER COLUMN id SET DEFAULT nextval('public.employee_bank_choice_id_seq'::regclass);


--
-- Name: employee_branch_choice id; Type: DEFAULT; Schema: public; Owner: vaqas
--

ALTER TABLE ONLY public.employee_branch_choice ALTER COLUMN id SET DEFAULT nextval('public.employee_branch_choice_id_seq'::regclass);


--
-- Name: employee_cash_collection id; Type: DEFAULT; Schema: public; Owner: vaqas
--

ALTER TABLE ONLY public.employee_cash_collection ALTER COLUMN id SET DEFAULT nextval('public.employee_cash_collection_id_seq'::regclass);


--
-- Name: employee_cash_notes id; Type: DEFAULT; Schema: public; Owner: vaqas
--

ALTER TABLE ONLY public.employee_cash_notes ALTER COLUMN id SET DEFAULT nextval('public.employee_cash_notes_id_seq'::regclass);


--
-- Name: employee_cheque_details id; Type: DEFAULT; Schema: public; Owner: vaqas
--

ALTER TABLE ONLY public.employee_cheque_details ALTER COLUMN id SET DEFAULT nextval('public.employee_cheque_details_id_seq'::regclass);


--
-- Name: employee_city_choice id; Type: DEFAULT; Schema: public; Owner: vaqas
--

ALTER TABLE ONLY public.employee_city_choice ALTER COLUMN id SET DEFAULT nextval('public.employee_city_choice_id_seq'::regclass);


--
-- Name: employee_collection_deposit id; Type: DEFAULT; Schema: public; Owner: vaqas
--

ALTER TABLE ONLY public.employee_collection_deposit ALTER COLUMN id SET DEFAULT nextval('public.employee_collection_deposit_id_seq'::regclass);


--
-- Name: employee_collection_finance id; Type: DEFAULT; Schema: public; Owner: vaqas
--

ALTER TABLE ONLY public.employee_collection_finance ALTER COLUMN id SET DEFAULT nextval('public.employee_collection_finance_id_seq'::regclass);


--
-- Name: employee_contra_voucher voucher_number; Type: DEFAULT; Schema: public; Owner: vaqas
--

ALTER TABLE ONLY public.employee_contra_voucher ALTER COLUMN voucher_number SET DEFAULT nextval('public.employee_contra_voucher_voucher_number_seq'::regclass);


--
-- Name: employee_country_choice id; Type: DEFAULT; Schema: public; Owner: vaqas
--

ALTER TABLE ONLY public.employee_country_choice ALTER COLUMN id SET DEFAULT nextval('public.employee_country_choice_id_seq'::regclass);


--
-- Name: employee_depositchoice id; Type: DEFAULT; Schema: public; Owner: vaqas
--

ALTER TABLE ONLY public.employee_depositchoice ALTER COLUMN id SET DEFAULT nextval('public.employee_depositchoice_id_seq'::regclass);


--
-- Name: employee_deposits_table id; Type: DEFAULT; Schema: public; Owner: vaqas
--

ALTER TABLE ONLY public.employee_deposits_table ALTER COLUMN id SET DEFAULT nextval('public.employee_deposits_table_id_seq'::regclass);


--
-- Name: employee_district_choice id; Type: DEFAULT; Schema: public; Owner: vaqas
--

ALTER TABLE ONLY public.employee_district_choice ALTER COLUMN id SET DEFAULT nextval('public.employee_district_choice_id_seq'::regclass);


--
-- Name: employee_documents id; Type: DEFAULT; Schema: public; Owner: vaqas
--

ALTER TABLE ONLY public.employee_documents ALTER COLUMN id SET DEFAULT nextval('public.employee_documents_id_seq'::regclass);


--
-- Name: employee_emp_payments id; Type: DEFAULT; Schema: public; Owner: vaqas
--

ALTER TABLE ONLY public.employee_emp_payments ALTER COLUMN id SET DEFAULT nextval('public.employee_emp_payments_id_seq'::regclass);


--
-- Name: employee_employee_joining id; Type: DEFAULT; Schema: public; Owner: vaqas
--

ALTER TABLE ONLY public.employee_employee_joining ALTER COLUMN id SET DEFAULT nextval('public.employee_employee_joining_id_seq'::regclass);


--
-- Name: employee_finance_table id; Type: DEFAULT; Schema: public; Owner: vaqas
--

ALTER TABLE ONLY public.employee_finance_table ALTER COLUMN id SET DEFAULT nextval('public.employee_finance_table_id_seq'::regclass);


--
-- Name: employee_financechoice id; Type: DEFAULT; Schema: public; Owner: vaqas
--

ALTER TABLE ONLY public.employee_financechoice ALTER COLUMN id SET DEFAULT nextval('public.employee_financechoice_id_seq'::regclass);


--
-- Name: employee_gaurantor id; Type: DEFAULT; Schema: public; Owner: vaqas
--

ALTER TABLE ONLY public.employee_gaurantor ALTER COLUMN id SET DEFAULT nextval('public.employee_gaurantor_id_seq'::regclass);


--
-- Name: employee_head id; Type: DEFAULT; Schema: public; Owner: vaqas
--

ALTER TABLE ONLY public.employee_head ALTER COLUMN id SET DEFAULT nextval('public.employee_head_id_seq'::regclass);


--
-- Name: employee_id_proof id; Type: DEFAULT; Schema: public; Owner: vaqas
--

ALTER TABLE ONLY public.employee_id_proof ALTER COLUMN id SET DEFAULT nextval('public.employee_id_proof_id_seq'::regclass);


--
-- Name: employee_id_type_choice id; Type: DEFAULT; Schema: public; Owner: vaqas
--

ALTER TABLE ONLY public.employee_id_type_choice ALTER COLUMN id SET DEFAULT nextval('public.employee_id_type_choice_id_seq'::regclass);


--
-- Name: employee_journal_voucher voucher_number; Type: DEFAULT; Schema: public; Owner: vaqas
--

ALTER TABLE ONLY public.employee_journal_voucher ALTER COLUMN voucher_number SET DEFAULT nextval('public.employee_journal_voucher_voucher_number_seq'::regclass);


--
-- Name: employee_major_head id; Type: DEFAULT; Schema: public; Owner: vaqas
--

ALTER TABLE ONLY public.employee_major_head ALTER COLUMN id SET DEFAULT nextval('public.employee_major_head_id_seq'::regclass);


--
-- Name: employee_payment_voucher voucher_number; Type: DEFAULT; Schema: public; Owner: vaqas
--

ALTER TABLE ONLY public.employee_payment_voucher ALTER COLUMN voucher_number SET DEFAULT nextval('public.employee_payment_voucher_voucher_number_seq'::regclass);


--
-- Name: employee_relation_choice id; Type: DEFAULT; Schema: public; Owner: vaqas
--

ALTER TABLE ONLY public.employee_relation_choice ALTER COLUMN id SET DEFAULT nextval('public.employee_relation_choice_id_seq'::regclass);


--
-- Name: employee_scheme id; Type: DEFAULT; Schema: public; Owner: vaqas
--

ALTER TABLE ONLY public.employee_scheme ALTER COLUMN id SET DEFAULT nextval('public.employee_scheme_id_seq'::regclass);


--
-- Name: employee_state_choice id; Type: DEFAULT; Schema: public; Owner: vaqas
--

ALTER TABLE ONLY public.employee_state_choice ALTER COLUMN id SET DEFAULT nextval('public.employee_state_choice_id_seq'::regclass);


--
-- Name: employee_sub_head id; Type: DEFAULT; Schema: public; Owner: vaqas
--

ALTER TABLE ONLY public.employee_sub_head ALTER COLUMN id SET DEFAULT nextval('public.employee_sub_head_id_seq'::regclass);


--
-- Name: employee_uploaddocs id; Type: DEFAULT; Schema: public; Owner: vaqas
--

ALTER TABLE ONLY public.employee_uploaddocs ALTER COLUMN id SET DEFAULT nextval('public.employee_uploaddocs_id_seq'::regclass);


--
-- Name: employee_voucher voucher_number; Type: DEFAULT; Schema: public; Owner: vaqas
--

ALTER TABLE ONLY public.employee_voucher ALTER COLUMN voucher_number SET DEFAULT nextval('public.employee_voucher_voucher_number_seq'::regclass);


--
-- Name: employee_voucherhead id; Type: DEFAULT; Schema: public; Owner: vaqas
--

ALTER TABLE ONLY public.employee_voucherhead ALTER COLUMN id SET DEFAULT nextval('public.employee_voucherhead_id_seq'::regclass);


--
-- Name: employee_voucherparticulars id; Type: DEFAULT; Schema: public; Owner: vaqas
--

ALTER TABLE ONLY public.employee_voucherparticulars ALTER COLUMN id SET DEFAULT nextval('public.employee_voucherparticulars_id_seq'::regclass);


--
-- Name: employee_withdrawl_entry id; Type: DEFAULT; Schema: public; Owner: vaqas
--

ALTER TABLE ONLY public.employee_withdrawl_entry ALTER COLUMN id SET DEFAULT nextval('public.employee_withdrawl_entry_id_seq'::regclass);


--
-- Data for Name: auth_group; Type: TABLE DATA; Schema: public; Owner: vaqas
--

COPY public.auth_group (id, name) FROM stdin;
1	e
\.


--
-- Data for Name: auth_group_permissions; Type: TABLE DATA; Schema: public; Owner: vaqas
--

COPY public.auth_group_permissions (id, group_id, permission_id) FROM stdin;
1	1	1
2	1	2
3	1	3
4	1	4
5	1	5
6	1	6
7	1	7
8	1	8
9	1	9
10	1	10
11	1	11
12	1	12
13	1	13
14	1	14
15	1	15
16	1	16
17	1	17
18	1	18
19	1	19
20	1	20
21	1	21
22	1	22
23	1	23
24	1	24
25	1	25
26	1	26
27	1	27
28	1	28
29	1	29
30	1	30
31	1	31
32	1	32
33	1	33
34	1	34
35	1	35
36	1	36
37	1	37
38	1	38
39	1	39
40	1	40
41	1	41
43	1	43
44	1	44
45	1	45
46	1	46
47	1	47
48	1	48
49	1	49
50	1	50
51	1	51
52	1	52
53	1	53
54	1	54
55	1	55
56	1	56
57	1	57
58	1	58
59	1	59
60	1	60
61	1	61
62	1	62
63	1	63
64	1	64
65	1	65
66	1	66
67	1	67
68	1	68
69	1	69
70	1	70
71	1	71
72	1	72
73	1	73
74	1	74
75	1	75
76	1	76
77	1	77
78	1	78
79	1	79
80	1	80
81	1	81
82	1	82
83	1	83
84	1	84
85	1	85
86	1	86
87	1	87
88	1	88
89	1	89
90	1	90
91	1	91
92	1	92
93	1	93
94	1	94
95	1	95
96	1	96
97	1	97
98	1	98
99	1	99
100	1	100
101	1	101
102	1	102
103	1	103
104	1	104
105	1	105
106	1	106
107	1	107
108	1	108
109	1	109
110	1	110
111	1	111
112	1	112
113	1	113
114	1	114
115	1	115
116	1	116
117	1	117
118	1	118
119	1	119
120	1	120
121	1	121
122	1	122
123	1	123
124	1	124
125	1	125
126	1	126
127	1	127
128	1	128
129	1	129
130	1	130
131	1	131
132	1	132
133	1	133
134	1	134
135	1	135
136	1	136
137	1	137
138	1	138
139	1	139
140	1	140
141	1	141
142	1	142
143	1	143
144	1	144
145	1	145
146	1	146
147	1	147
148	1	148
149	1	149
150	1	150
151	1	151
152	1	152
153	1	153
154	1	154
155	1	155
156	1	156
157	1	157
158	1	158
159	1	159
160	1	160
161	1	161
162	1	162
163	1	163
164	1	164
165	1	165
166	1	166
167	1	167
168	1	168
169	1	169
170	1	170
171	1	171
172	1	172
173	1	176
174	1	173
175	1	174
176	1	175
177	1	177
178	1	178
179	1	179
180	1	180
181	1	181
182	1	182
183	1	183
184	1	184
185	1	185
186	1	186
187	1	187
188	1	188
\.


--
-- Data for Name: auth_permission; Type: TABLE DATA; Schema: public; Owner: vaqas
--

COPY public.auth_permission (id, name, content_type_id, codename) FROM stdin;
1	Can add log entry	1	add_logentry
2	Can change log entry	1	change_logentry
3	Can delete log entry	1	delete_logentry
4	Can view log entry	1	view_logentry
5	Can add permission	2	add_permission
6	Can change permission	2	change_permission
7	Can delete permission	2	delete_permission
8	Can view permission	2	view_permission
9	Can add group	3	add_group
10	Can change group	3	change_group
11	Can delete group	3	delete_group
12	Can view group	3	view_group
13	Can add user	4	add_user
14	Can change user	4	change_user
15	Can delete user	4	delete_user
16	Can view user	4	view_user
17	Can add content type	5	add_contenttype
18	Can change content type	5	change_contenttype
19	Can delete content type	5	delete_contenttype
20	Can view content type	5	view_contenttype
21	Can add session	6	add_session
22	Can change session	6	change_session
23	Can delete session	6	delete_session
24	Can view session	6	view_session
25	Can add balance	7	add_balance
26	Can change balance	7	change_balance
27	Can delete balance	7	delete_balance
28	Can view balance	7	view_balance
29	Can add bank_ choice	8	add_bank_choice
30	Can change bank_ choice	8	change_bank_choice
31	Can delete bank_ choice	8	delete_bank_choice
32	Can view bank_ choice	8	view_bank_choice
33	Can add basic_ details	9	add_basic_details
34	Can change basic_ details	9	change_basic_details
35	Can delete basic_ details	9	delete_basic_details
36	Can view basic_ details	9	view_basic_details
37	Can add branch_ choice	10	add_branch_choice
38	Can change branch_ choice	10	change_branch_choice
39	Can delete branch_ choice	10	delete_branch_choice
40	Can view branch_ choice	10	view_branch_choice
41	Can add cash_collection	11	add_cash_collection
42	Can change cash_collection	11	change_cash_collection
43	Can delete cash_collection	11	delete_cash_collection
44	Can view cash_collection	11	view_cash_collection
45	Can add city_ choice	12	add_city_choice
46	Can change city_ choice	12	change_city_choice
47	Can delete city_ choice	12	delete_city_choice
48	Can view city_ choice	12	view_city_choice
49	Can add country_ choice	13	add_country_choice
50	Can change country_ choice	13	change_country_choice
51	Can delete country_ choice	13	delete_country_choice
52	Can view country_ choice	13	view_country_choice
53	Can add deposit choice	14	add_depositchoice
54	Can change deposit choice	14	change_depositchoice
55	Can delete deposit choice	14	delete_depositchoice
56	Can view deposit choice	14	view_depositchoice
57	Can add deposits_table	15	add_deposits_table
58	Can change deposits_table	15	change_deposits_table
59	Can delete deposits_table	15	delete_deposits_table
60	Can view deposits_table	15	view_deposits_table
61	Can add district_ choice	16	add_district_choice
62	Can change district_ choice	16	change_district_choice
63	Can delete district_ choice	16	delete_district_choice
64	Can view district_ choice	16	view_district_choice
65	Can add finance choice	17	add_financechoice
66	Can change finance choice	17	change_financechoice
67	Can delete finance choice	17	delete_financechoice
68	Can view finance choice	17	view_financechoice
69	Can add head	18	add_head
70	Can change head	18	change_head
71	Can delete head	18	delete_head
72	Can view head	18	view_head
73	Can add id_proof	19	add_id_proof
74	Can change id_proof	19	change_id_proof
75	Can delete id_proof	19	delete_id_proof
76	Can view id_proof	19	view_id_proof
77	Can add id_ type_ choice	20	add_id_type_choice
78	Can change id_ type_ choice	20	change_id_type_choice
79	Can delete id_ type_ choice	20	delete_id_type_choice
80	Can view id_ type_ choice	20	view_id_type_choice
81	Can add major_ head	21	add_major_head
82	Can change major_ head	21	change_major_head
83	Can delete major_ head	21	delete_major_head
84	Can view major_ head	21	view_major_head
85	Can add relation_ choice	22	add_relation_choice
86	Can change relation_ choice	22	change_relation_choice
87	Can delete relation_ choice	22	delete_relation_choice
88	Can view relation_ choice	22	view_relation_choice
89	Can add scheme	23	add_scheme
90	Can change scheme	23	change_scheme
91	Can delete scheme	23	delete_scheme
92	Can view scheme	23	view_scheme
93	Can add state_ choice	24	add_state_choice
94	Can change state_ choice	24	change_state_choice
95	Can delete state_ choice	24	delete_state_choice
96	Can view state_ choice	24	view_state_choice
97	Can add sub_ head	25	add_sub_head
98	Can change sub_ head	25	change_sub_head
99	Can delete sub_ head	25	delete_sub_head
100	Can view sub_ head	25	view_sub_head
101	Can add voucher	26	add_voucher
102	Can change voucher	26	change_voucher
103	Can delete voucher	26	delete_voucher
104	Can view voucher	26	view_voucher
105	Can add client	27	add_client
106	Can change client	27	change_client
107	Can delete client	27	delete_client
108	Can view client	27	view_client
109	Can add employee_interview	28	add_employee_interview
110	Can change employee_interview	28	change_employee_interview
111	Can delete employee_interview	28	delete_employee_interview
112	Can view employee_interview	28	view_employee_interview
113	Can add withdrawl_entry	29	add_withdrawl_entry
114	Can change withdrawl_entry	29	change_withdrawl_entry
115	Can delete withdrawl_entry	29	delete_withdrawl_entry
116	Can view withdrawl_entry	29	view_withdrawl_entry
117	Can add voucher particulars	30	add_voucherparticulars
118	Can change voucher particulars	30	change_voucherparticulars
119	Can delete voucher particulars	30	delete_voucherparticulars
120	Can view voucher particulars	30	view_voucherparticulars
121	Can add voucher head	31	add_voucherhead
122	Can change voucher head	31	change_voucherhead
123	Can delete voucher head	31	delete_voucherhead
124	Can view voucher head	31	view_voucherhead
125	Can add payment_voucher	32	add_payment_voucher
126	Can change payment_voucher	32	change_payment_voucher
127	Can delete payment_voucher	32	delete_payment_voucher
128	Can view payment_voucher	32	view_payment_voucher
129	Can add other_payment	33	add_other_payment
130	Can change other_payment	33	change_other_payment
131	Can delete other_payment	33	delete_other_payment
132	Can view other_payment	33	view_other_payment
133	Can add journal_voucher	34	add_journal_voucher
134	Can change journal_voucher	34	change_journal_voucher
135	Can delete journal_voucher	34	delete_journal_voucher
136	Can view journal_voucher	34	view_journal_voucher
137	Can add finance_table	35	add_finance_table
138	Can change finance_table	35	change_finance_table
139	Can delete finance_table	35	delete_finance_table
140	Can view finance_table	35	view_finance_table
141	Can add contra_ voucher	36	add_contra_voucher
142	Can change contra_ voucher	36	change_contra_voucher
143	Can delete contra_ voucher	36	delete_contra_voucher
144	Can view contra_ voucher	36	view_contra_voucher
145	Can add cheque_details	37	add_cheque_details
146	Can change cheque_details	37	change_cheque_details
147	Can delete cheque_details	37	delete_cheque_details
148	Can view cheque_details	37	view_cheque_details
149	Can add cash_notes	38	add_cash_notes
150	Can change cash_notes	38	change_cash_notes
151	Can delete cash_notes	38	delete_cash_notes
152	Can view cash_notes	38	view_cash_notes
153	Can add approved_finance_table	39	add_approved_finance_table
154	Can change approved_finance_table	39	change_approved_finance_table
155	Can delete approved_finance_table	39	delete_approved_finance_table
156	Can view approved_finance_table	39	view_approved_finance_table
157	Can add member certificate	40	add_membercertificate
158	Can change member certificate	40	change_membercertificate
159	Can delete member certificate	40	delete_membercertificate
160	Can view member certificate	40	view_membercertificate
161	Can add employee_joining	41	add_employee_joining
162	Can change employee_joining	41	change_employee_joining
163	Can delete employee_joining	41	delete_employee_joining
164	Can view employee_joining	41	view_employee_joining
165	Can add collection_finance	42	add_collection_finance
166	Can change collection_finance	42	change_collection_finance
167	Can delete collection_finance	42	delete_collection_finance
168	Can view collection_finance	42	view_collection_finance
169	Can add collection_deposit	43	add_collection_deposit
170	Can change collection_deposit	43	change_collection_deposit
171	Can delete collection_deposit	43	delete_collection_deposit
172	Can view collection_deposit	43	view_collection_deposit
173	Can add emp_payments	44	add_emp_payments
174	Can change emp_payments	44	change_emp_payments
175	Can delete emp_payments	44	delete_emp_payments
176	Can view emp_payments	44	view_emp_payments
177	Can add upload docs	45	add_uploaddocs
178	Can change upload docs	45	change_uploaddocs
179	Can delete upload docs	45	delete_uploaddocs
180	Can view upload docs	45	view_uploaddocs
181	Can add documents	46	add_documents
182	Can change documents	46	change_documents
183	Can delete documents	46	delete_documents
184	Can view documents	46	view_documents
185	Can add gaurantor	47	add_gaurantor
186	Can change gaurantor	47	change_gaurantor
187	Can delete gaurantor	47	delete_gaurantor
188	Can view gaurantor	47	view_gaurantor
189	Can add cron job log	48	add_cronjoblog
190	Can change cron job log	48	change_cronjoblog
191	Can delete cron job log	48	delete_cronjoblog
192	Can view cron job log	48	view_cronjoblog
\.


--
-- Data for Name: auth_user; Type: TABLE DATA; Schema: public; Owner: vaqas
--

COPY public.auth_user (id, password, last_login, is_superuser, username, first_name, last_name, email, is_staff, is_active, date_joined) FROM stdin;
2088	pbkdf2_sha256$180000$bsfIHYcWJvUE$58aSZ0wmBCGjC0NWRqy8XMxo4A5BJ05WTsc1HYrSXFQ=	2020-04-11 10:48:21.452112+00	t	vaqas				t	t	2020-04-11 10:00:08.89098+00
2078	pbkdf2_sha256$180000$iH5m15EhgyAV$9K7I09X8xTF8gY8wxhkEjvKNScxzlwFFYmuqkHEa+ZE=	\N	f	SCC549940	Walter	Marsh		t	t	2020-04-06 20:56:58.243614+00
2079	pbkdf2_sha256$180000$2TFiCtsoI920$7lwW9ML5oOcI1H5ujhj5dXAB5a2Xf5ck2VS1M457tck=	\N	f	SCC776236	Juan	Moran		t	t	2020-04-06 20:56:58.362523+00
2080	pbkdf2_sha256$180000$RW8GRyUYf2nm$7CkgWQL4KgmX6/lcvAIjEwlYNVSwxuSV69fskyuJnlA=	\N	f	SCC671506	Jason	Garcia		t	t	2020-04-06 20:56:58.473548+00
2089	pbkdf2_sha256$180000$Y5ES97fXjMVd$N2TYPPAy/XX2YIEoW3LH1uIgtFtrNwVB0wemWDVw7Cw=	2020-04-11 10:01:08.583467+00	t	admin				t	t	2020-04-11 10:00:53+00
2081	pbkdf2_sha256$180000$0KBEj7ReBLUf$xTLz0xpP8BA1gmBI8bYDYnWW0uOlcRieD+fMgIRL+gc=	\N	f	SCC637732	Tonya	Kim		t	t	2020-04-06 20:56:58.574888+00
2082	pbkdf2_sha256$180000$fl9C2MHWufs6$zCM7VOWNRYAS+bEXCOwzc5NDhzhYocbGZozPvv2qYDg=	\N	f	SCC693006	Sheila	Zavala		t	t	2020-04-06 20:56:58.682226+00
2084	pbkdf2_sha256$180000$dufYtqlQSL4C$I4VpZt3zS4fgkrjWGpbpqzQM8BGA1cZoNO6iIBEn8QQ=	2020-04-11 10:02:48.584519+00	f	SCC582878	Jason	White		t	t	2020-04-06 20:56:58.888462+00
2083	pbkdf2_sha256$180000$9mwWt1aW31ph$bu6qw053pynezkEJHukt/kzGZq3A++jxIU/TGhBXxpo=	\N	f	SCC720950	Sharon	Gill		t	t	2020-04-06 20:56:58.786251+00
2085	pbkdf2_sha256$180000$NbOz2U0RmuNz$AcYppio5U7bP5HBwmqN+HGGWdolywGm4DhrkhryBGE0=	\N	f	SCC435823	John	Romero		t	t	2020-04-06 20:56:58.990523+00
2086	pbkdf2_sha256$180000$O3yisTpIj4pb$pbajZYrOrYxKQmZtd8eVRZdAKiVcIb/D1vCZZmZIEpQ=	\N	f	SCC622908	Amy	Rodriguez		t	t	2020-04-06 20:56:59.091902+00
2087	pbkdf2_sha256$180000$4pgchp0OXIdw$PK95Woo7X83ztxUJbN7eiT3CH15qGcIXLvtrEohc7xA=	\N	f	SCC282076	Karl	Murray		t	t	2020-04-06 20:56:59.193924+00
\.


--
-- Data for Name: auth_user_groups; Type: TABLE DATA; Schema: public; Owner: vaqas
--

COPY public.auth_user_groups (id, user_id, group_id) FROM stdin;
2050	2078	1
2051	2079	1
2052	2080	1
2053	2081	1
2054	2082	1
2055	2083	1
2056	2084	1
2057	2085	1
2058	2086	1
2059	2087	1
\.


--
-- Data for Name: auth_user_user_permissions; Type: TABLE DATA; Schema: public; Owner: vaqas
--

COPY public.auth_user_user_permissions (id, user_id, permission_id) FROM stdin;
\.


--
-- Data for Name: django_admin_log; Type: TABLE DATA; Schema: public; Owner: vaqas
--

COPY public.django_admin_log (id, action_time, object_id, object_repr, action_flag, change_message, content_type_id, user_id) FROM stdin;
598	2020-04-11 10:00:35.236574+00	2077	admin	3		4	2088
599	2020-04-11 10:00:53.741553+00	2089	admin	1	[{"added": {}}]	4	2088
600	2020-04-11 10:01:00.124142+00	2089	admin	2	[{"changed": {"fields": ["Staff status", "Superuser status"]}}]	4	2088
602	2020-04-11 10:03:25.465021+00	SCC170196	as,mdn Nomination Number SCC170196	1	[{"added": {}}]	27	2084
\.


--
-- Data for Name: django_content_type; Type: TABLE DATA; Schema: public; Owner: vaqas
--

COPY public.django_content_type (id, app_label, model) FROM stdin;
1	admin	logentry
2	auth	permission
3	auth	group
4	auth	user
5	contenttypes	contenttype
6	sessions	session
7	employee	balance
8	employee	bank_choice
9	employee	basic_details
10	employee	branch_choice
11	employee	cash_collection
12	employee	city_choice
13	employee	country_choice
14	employee	depositchoice
15	employee	deposits_table
16	employee	district_choice
17	employee	financechoice
18	employee	head
19	employee	id_proof
20	employee	id_type_choice
21	employee	major_head
22	employee	relation_choice
23	employee	scheme
24	employee	state_choice
25	employee	sub_head
26	employee	voucher
27	employee	client
28	employee	employee_interview
29	employee	withdrawl_entry
30	employee	voucherparticulars
31	employee	voucherhead
32	employee	payment_voucher
33	employee	other_payment
34	employee	journal_voucher
35	employee	finance_table
36	employee	contra_voucher
37	employee	cheque_details
38	employee	cash_notes
39	employee	approved_finance_table
40	employee	membercertificate
41	employee	employee_joining
42	employee	collection_finance
43	employee	collection_deposit
44	employee	emp_payments
45	employee	uploaddocs
46	employee	documents
47	employee	gaurantor
48	django_cron	cronjoblog
\.


--
-- Data for Name: django_cron_cronjoblog; Type: TABLE DATA; Schema: public; Owner: vaqas
--

COPY public.django_cron_cronjoblog (id, code, start_time, end_time, is_success, message, ran_at_time) FROM stdin;
1	my_app.my_cron_job	2020-04-12 06:35:12.830725+00	2020-04-12 06:35:12.870532+00	t		\N
2	my_app.my_cron_job	2020-04-12 07:53:32.348618+00	2020-04-12 07:53:32.366971+00	f	ck (most recent call last):\n  File "/usr/local/lib/python3.7/site-packages/django/core/management/__init__.py", line 103, in call_command\n    app_name = get_commands()[command_name]\nKeyError: 'dbbackup'\n\nDuring handling of the above exception, another exception occurred:\n\nTraceback (most recent call last):\n  File "/usr/local/lib/python3.7/site-packages/django_cron/management/commands/runcrons.py", line 71, in run_cron_with_cache_check\n    manager.run(force)\n  File "/usr/local/lib/python3.7/site-packages/django_cron/__init__.py", line 215, in run\n    self.msg = self.cron_job.do()\n  File "/Users/vaqasahmed/Desktop/Desktop  vaqass MacBook Pro/django-text/banking_dump/employee/emp_admin/cron.py", line 11, in do\n    management.call_command('dbbackup')\n  File "/usr/local/lib/python3.7/site-packages/django/core/management/__init__.py", line 105, in call_command\n    raise CommandError("Unknown command: %r" % command_name)\ndjango.core.management.base.CommandError: Unknown command: 'dbbackup'\n	\N
\.


--
-- Data for Name: django_migrations; Type: TABLE DATA; Schema: public; Owner: vaqas
--

COPY public.django_migrations (id, app, name, applied) FROM stdin;
1	employee	0001_initial	2020-03-16 13:34:23.553656+00
2	employee	0002_auto_20200316_1334	2020-03-16 13:34:23.717908+00
3	contenttypes	0001_initial	2020-03-16 13:34:29.053927+00
4	auth	0001_initial	2020-03-16 13:34:29.08572+00
5	admin	0001_initial	2020-03-16 13:34:29.118589+00
6	admin	0002_logentry_remove_auto_add	2020-03-16 13:34:29.131771+00
7	admin	0003_logentry_add_action_flag_choices	2020-03-16 13:34:29.140864+00
8	contenttypes	0002_remove_content_type_name	2020-03-16 13:34:29.187814+00
9	auth	0002_alter_permission_name_max_length	2020-03-16 13:34:29.194491+00
10	auth	0003_alter_user_email_max_length	2020-03-16 13:34:29.20313+00
11	auth	0004_alter_user_username_opts	2020-03-16 13:34:29.212912+00
12	auth	0005_alter_user_last_login_null	2020-03-16 13:34:29.221429+00
13	auth	0006_require_contenttypes_0002	2020-03-16 13:34:29.223192+00
14	auth	0007_alter_validators_add_error_messages	2020-03-16 13:34:29.233375+00
15	auth	0008_alter_user_username_max_length	2020-03-16 13:34:29.248775+00
16	auth	0009_alter_user_last_name_max_length	2020-03-16 13:34:29.259245+00
17	auth	0010_alter_group_name_max_length	2020-03-16 13:34:29.268405+00
18	auth	0011_update_proxy_permissions	2020-03-16 13:34:29.301718+00
19	sessions	0001_initial	2020-03-16 13:34:29.308009+00
26	employee	0003_auto_20200316_1847	2020-03-23 08:34:47.576302+00
27	employee	0004_auto_20200316_1943	2020-03-23 08:34:47.679023+00
28	employee	0002_auto_20200323_0912	2020-03-23 09:12:22.610636+00
29	employee	0003_auto_20200323_0925	2020-03-23 09:25:26.282975+00
30	employee	0004_auto_20200323_1031	2020-03-23 10:31:32.25596+00
31	employee	0005_auto_20200326_0753	2020-03-26 07:53:18.033413+00
32	employee	0006_auto_20200326_0818	2020-03-26 08:19:37.988112+00
33	employee	0007_auto_20200326_0818	2020-03-26 08:19:38.070836+00
34	employee	0008_auto_20200326_0819	2020-03-26 08:19:38.192662+00
35	employee	0009_auto_20200326_0819	2020-03-26 08:19:38.389196+00
36	employee	0010_auto_20200326_0820	2020-03-26 08:20:17.974884+00
37	employee	0011_auto_20200326_0923	2020-03-26 09:23:25.604969+00
38	employee	0012_auto_20200326_1026	2020-03-26 10:26:55.939764+00
39	employee	0013_auto_20200326_1026	2020-03-26 10:26:55.986074+00
40	employee	0014_auto_20200326_1031	2020-03-26 10:31:20.356278+00
41	employee	0015_auto_20200327_0542	2020-03-27 05:42:08.509363+00
42	employee	0016_auto_20200327_0634	2020-03-27 06:36:39.687976+00
43	employee	0017_auto_20200327_1210	2020-03-27 12:10:42.351326+00
44	employee	0018_auto_20200328_0819	2020-03-28 08:19:27.178364+00
45	employee	0019_auto_20200328_0825	2020-03-28 08:25:58.735315+00
46	employee	0020_auto_20200328_0829	2020-03-28 08:29:38.029528+00
47	employee	0021_auto_20200328_0856	2020-03-28 08:56:08.111249+00
48	employee	0022_auto_20200330_1410	2020-03-30 14:10:22.399783+00
49	employee	0023_auto_20200330_1432	2020-03-30 14:32:20.888499+00
50	employee	0024_auto_20200330_1644	2020-03-30 16:44:59.42693+00
51	employee	0025_auto_20200330_1645	2020-03-30 16:45:51.353455+00
52	employee	0026_gaurantor	2020-03-30 16:57:22.199462+00
53	employee	0027_gaurantor_fc	2020-03-30 17:01:28.403138+00
54	employee	0028_auto_20200330_1704	2020-03-30 17:04:26.33024+00
55	employee	0029_gaurantor_expected_amount	2020-03-30 17:24:05.059279+00
56	employee	0030_gaurantor_contact	2020-03-30 17:26:44.384479+00
57	employee	0031_auto_20200330_1729	2020-03-30 17:29:48.199505+00
58	employee	0032_auto_20200330_1745	2020-03-30 17:45:08.139814+00
59	employee	0033_auto_20200330_1755	2020-03-30 17:56:01.69819+00
60	employee	0034_cash_collection_approved	2020-03-31 09:11:26.40103+00
61	employee	0035_auto_20200401_0934	2020-04-01 09:34:22.251522+00
62	employee	0036_auto_20200401_1008	2020-04-01 10:08:18.121475+00
63	django_cron	0001_initial	2020-04-12 06:32:21.119602+00
64	django_cron	0002_remove_max_length_from_CronJobLog_message	2020-04-12 06:32:21.131939+00
\.


--
-- Data for Name: django_session; Type: TABLE DATA; Schema: public; Owner: vaqas
--

COPY public.django_session (session_key, session_data, expire_date) FROM stdin;
ntowwven8qzw93zpiwefb4lq2ytrszl2	ZTVlMzVkMTc5ZDJmYzM4ZDU0M2IxMTk0ZDU4N2FhNTYxZDYyNGVmNTp7Il9hdXRoX3VzZXJfaWQiOiIyMDQ0IiwiX2F1dGhfdXNlcl9iYWNrZW5kIjoiZGphbmdvLmNvbnRyaWIuYXV0aC5iYWNrZW5kcy5Nb2RlbEJhY2tlbmQiLCJfYXV0aF91c2VyX2hhc2giOiIyOWVkOWUyM2RmOWY2YmU4YzA1ODJmOTU5ZmNlOTUxNTYyMzhlMmEyIn0=	2020-04-14 11:20:18.851258+00
av9h2kdamsv3c37q66dir95hjz8rlcax	ZGVhMjJjZmFhNmRlNjdjMzRmMTM2ZTA0ZDk5MDk3YzkwZDg3Mjg2ZTp7Il9hdXRoX3VzZXJfaWQiOiIyMDY2IiwiX2F1dGhfdXNlcl9iYWNrZW5kIjoiZGphbmdvLmNvbnRyaWIuYXV0aC5iYWNrZW5kcy5Nb2RlbEJhY2tlbmQiLCJfYXV0aF91c2VyX2hhc2giOiJiMDY0ZjgyNGFjYzg5MWVjZjQ1MzU1MjI5MzUwOGVlYzg4OTk5ZjJlIn0=	2020-04-14 12:30:46.931147+00
oc79rzs7bg6nfmakgsy8w8i7og9f4995	ZGVhMjJjZmFhNmRlNjdjMzRmMTM2ZTA0ZDk5MDk3YzkwZDg3Mjg2ZTp7Il9hdXRoX3VzZXJfaWQiOiIyMDY2IiwiX2F1dGhfdXNlcl9iYWNrZW5kIjoiZGphbmdvLmNvbnRyaWIuYXV0aC5iYWNrZW5kcy5Nb2RlbEJhY2tlbmQiLCJfYXV0aF91c2VyX2hhc2giOiJiMDY0ZjgyNGFjYzg5MWVjZjQ1MzU1MjI5MzUwOGVlYzg4OTk5ZjJlIn0=	2020-04-15 09:53:26.219911+00
zm15s8hoix064zav3c07lir262ivzbg9	ZGVhMjJjZmFhNmRlNjdjMzRmMTM2ZTA0ZDk5MDk3YzkwZDg3Mjg2ZTp7Il9hdXRoX3VzZXJfaWQiOiIyMDY2IiwiX2F1dGhfdXNlcl9iYWNrZW5kIjoiZGphbmdvLmNvbnRyaWIuYXV0aC5iYWNrZW5kcy5Nb2RlbEJhY2tlbmQiLCJfYXV0aF91c2VyX2hhc2giOiJiMDY0ZjgyNGFjYzg5MWVjZjQ1MzU1MjI5MzUwOGVlYzg4OTk5ZjJlIn0=	2020-04-17 10:49:29.140059+00
h6baotf8aaei3qwpcpuht9im9ttb1vsv	YTE5OTZiZDdkNjM2MTQ1NGMzNWJhODAwYmFkNjJlYjRjM2I1ZjUyZDp7Il9hdXRoX3VzZXJfaWQiOiI0MDUiLCJfYXV0aF91c2VyX2JhY2tlbmQiOiJkamFuZ28uY29udHJpYi5hdXRoLmJhY2tlbmRzLk1vZGVsQmFja2VuZCIsIl9hdXRoX3VzZXJfaGFzaCI6Ijc0OGQxZWM2ZGEyY2EzMTVhOGYxMTFlZGE0MGRhMGRmMTMyYzEwY2YifQ==	2020-03-30 14:47:47.385953+00
bu54n6j7opv9h0h5x5raisaxw5eihtzp	MzFmYTk4MmU0NmFmN2FjODVmNmMzNTBjZTkyNjg3YzdkYjBlYjdlODp7Il9hdXRoX3VzZXJfaWQiOiI1MDMiLCJfYXV0aF91c2VyX2JhY2tlbmQiOiJkamFuZ28uY29udHJpYi5hdXRoLmJhY2tlbmRzLk1vZGVsQmFja2VuZCIsIl9hdXRoX3VzZXJfaGFzaCI6IjRhNWIyMWFhNzIzYTFjMThjNTZiMTM4NjFjYmJkMzFiNmIyNDRlNjAifQ==	2020-03-30 14:48:28.922898+00
4dlxgblopj89400avyxoe6cmi95vn9qk	NWZiMGQ3OGI2MGNhYjU0ZWJkZDAzNTQzYWI0NGM5YzI0MGVkMGIzYjp7Il9hdXRoX3VzZXJfaWQiOiIyMDc3IiwiX2F1dGhfdXNlcl9iYWNrZW5kIjoiZGphbmdvLmNvbnRyaWIuYXV0aC5iYWNrZW5kcy5Nb2RlbEJhY2tlbmQiLCJfYXV0aF91c2VyX2hhc2giOiJhODdkNjg3MjRlMWE5ODM4Mjc3MWY0ODE2NTcyMzU1OWMxM2RkYzcxIn0=	2020-04-20 10:30:34.612707+00
w14g7uvfbm15x8ciazyh98pdg3s3tlce	ODJkNDViN2IyNTJiNGUzYWM2YTMxY2IyMzRjMjg3YmVkOGVjOTFjODp7Il9hdXRoX3VzZXJfaWQiOiIyMDg5IiwiX2F1dGhfdXNlcl9iYWNrZW5kIjoiZGphbmdvLmNvbnRyaWIuYXV0aC5iYWNrZW5kcy5Nb2RlbEJhY2tlbmQiLCJfYXV0aF91c2VyX2hhc2giOiJmMjk3OTZkMDQzNjIyNWMxMzY1ZjhhNWVjYWFkZTFhYWI2NDQzMWMxIn0=	2020-04-25 10:01:08.585147+00
rncu0c646q7p2nxfjue5bmesd6tyj1cr	OTRhZWJhMGY4MDkxZDZhNjg1ZDI1ZDY2MTc0MzA2M2E0N2ZmMjQxYTp7Il9hdXRoX3VzZXJfaWQiOiIyMDg0IiwiX2F1dGhfdXNlcl9iYWNrZW5kIjoiZGphbmdvLmNvbnRyaWIuYXV0aC5iYWNrZW5kcy5Nb2RlbEJhY2tlbmQiLCJfYXV0aF91c2VyX2hhc2giOiIxNjA2NDhiYjhhYTJmYWFjMDRmOGJmNmVhMDY4YTQxNjgxZDdhZjEyIn0=	2020-04-25 10:02:48.586+00
8kuo6pn2ohjflvsithys1gup5c9yfuc4	NmY0ZGUwNTA4ZDcwNzYyZTJmYmIzYTRkMTljZDY1MWQ3NzNmMDdlMTp7Il9hdXRoX3VzZXJfaWQiOiIyMDg4IiwiX2F1dGhfdXNlcl9iYWNrZW5kIjoiZGphbmdvLmNvbnRyaWIuYXV0aC5iYWNrZW5kcy5Nb2RlbEJhY2tlbmQiLCJfYXV0aF91c2VyX2hhc2giOiI1YTdiMDNkNmI4NTBjNjU2YWM5YjQ0OTVkNzBlYTY3OTBjMzI3ODU0In0=	2020-04-25 10:45:48.378793+00
fdkap3v9hf6kl8jvl90nf8dgr3q213fc	NmY0ZGUwNTA4ZDcwNzYyZTJmYmIzYTRkMTljZDY1MWQ3NzNmMDdlMTp7Il9hdXRoX3VzZXJfaWQiOiIyMDg4IiwiX2F1dGhfdXNlcl9iYWNrZW5kIjoiZGphbmdvLmNvbnRyaWIuYXV0aC5iYWNrZW5kcy5Nb2RlbEJhY2tlbmQiLCJfYXV0aF91c2VyX2hhc2giOiI1YTdiMDNkNmI4NTBjNjU2YWM5YjQ0OTVkNzBlYTY3OTBjMzI3ODU0In0=	2020-04-25 10:48:21.453696+00
slu1x2xnnej8t28olh9xueoqwqolfk3p	ZmVlZTg0YWQzZTVmNzI5NDAxMWM3MGYyZDQ5Nzg1M2FmYjY3ZmJmNTp7Il9hdXRoX3VzZXJfaWQiOiIxOTI1IiwiX2F1dGhfdXNlcl9iYWNrZW5kIjoiZGphbmdvLmNvbnRyaWIuYXV0aC5iYWNrZW5kcy5Nb2RlbEJhY2tlbmQiLCJfYXV0aF91c2VyX2hhc2giOiI4NjQ1NTI0ZDFhYzlmMDkxNjQ3ZDI1ZGMzYTJkYjliZWI0N2U4MWFiIn0=	2020-04-03 14:17:02.628467+00
nfcwwpz9xmpduukhr6o4t76g68eupurp	MmNiZDQwMDhmNDJjMWUxMzk1NjI0MTZiZmU0OGNhYjcxNzI3MmZhMDp7Il9hdXRoX3VzZXJfaWQiOiIxOTMxIiwiX2F1dGhfdXNlcl9iYWNrZW5kIjoiZGphbmdvLmNvbnRyaWIuYXV0aC5iYWNrZW5kcy5Nb2RlbEJhY2tlbmQiLCJfYXV0aF91c2VyX2hhc2giOiJmZDg3YWE4NmU2OTJhMTY1Y2VlNGJhYjg0MTNlYzJhNWUyZmUwMWQ0In0=	2020-04-03 14:17:33.219164+00
enl8gdvt7jjuu2va0p8xdi0xp3n5gcmt	MjVhZmJkOTgwMDNhYzRkYjJiYThjNjQ0MGFkNjMzOGM2YWI1NGRhZDp7Il9hdXRoX3VzZXJfaWQiOiIxOTM3IiwiX2F1dGhfdXNlcl9iYWNrZW5kIjoiZGphbmdvLmNvbnRyaWIuYXV0aC5iYWNrZW5kcy5Nb2RlbEJhY2tlbmQiLCJfYXV0aF91c2VyX2hhc2giOiJkYzdkY2QwY2NjOTRmMTc4NjVlMGEwNWRmZDc2ZWMyM2M5N2UyYzI0In0=	2020-04-03 14:18:11.820538+00
ysclp9pk79aebw8muitetsgo5ijcrs6x	YTdlMTc4OTdkZDFhOGY3N2Q4YmVjMzc3ZTljNDM0NTVhOTg0NDZmYjp7Il9hdXRoX3VzZXJfaWQiOiIxOTMwIiwiX2F1dGhfdXNlcl9iYWNrZW5kIjoiZGphbmdvLmNvbnRyaWIuYXV0aC5iYWNrZW5kcy5Nb2RlbEJhY2tlbmQiLCJfYXV0aF91c2VyX2hhc2giOiJmODA0NGIxY2IzNGQyNDQ4NjZlNmE4ZGZlMWI2M2ZlNGU4NjVlNTdlIn0=	2020-04-05 07:02:43.727544+00
tf6u668ga963f6keflw2zf71h5gqvbi4	NWMxNDNlZmNlOWQ0MDJhYzAyOGVkODE4M2NjMjI1MTk0Njg4ZDdlMzp7Il9hdXRoX3VzZXJfaWQiOiIxOTI4IiwiX2F1dGhfdXNlcl9iYWNrZW5kIjoiZGphbmdvLmNvbnRyaWIuYXV0aC5iYWNrZW5kcy5Nb2RlbEJhY2tlbmQiLCJfYXV0aF91c2VyX2hhc2giOiJhNmYzNjIzMjlhMjRhNDBlZmMzMzc0NTY5YmQ1OGM0Zjc1ZDIyMDYzIn0=	2020-04-06 08:50:45.258059+00
utbmpyesa5m0f05j1xv79dud3zs61oqi	NWMxNDNlZmNlOWQ0MDJhYzAyOGVkODE4M2NjMjI1MTk0Njg4ZDdlMzp7Il9hdXRoX3VzZXJfaWQiOiIxOTI4IiwiX2F1dGhfdXNlcl9iYWNrZW5kIjoiZGphbmdvLmNvbnRyaWIuYXV0aC5iYWNrZW5kcy5Nb2RlbEJhY2tlbmQiLCJfYXV0aF91c2VyX2hhc2giOiJhNmYzNjIzMjlhMjRhNDBlZmMzMzc0NTY5YmQ1OGM0Zjc1ZDIyMDYzIn0=	2020-04-06 11:18:55.531441+00
mnxt43bwzm36wiwgpbl4r047r4eu2otp	ZmVlZTg0YWQzZTVmNzI5NDAxMWM3MGYyZDQ5Nzg1M2FmYjY3ZmJmNTp7Il9hdXRoX3VzZXJfaWQiOiIxOTI1IiwiX2F1dGhfdXNlcl9iYWNrZW5kIjoiZGphbmdvLmNvbnRyaWIuYXV0aC5iYWNrZW5kcy5Nb2RlbEJhY2tlbmQiLCJfYXV0aF91c2VyX2hhc2giOiI4NjQ1NTI0ZDFhYzlmMDkxNjQ3ZDI1ZGMzYTJkYjliZWI0N2U4MWFiIn0=	2020-04-09 06:57:28.358736+00
bqv4j5zjlyt7qo2gharxl9ookc3xked9	MmNiZDQwMDhmNDJjMWUxMzk1NjI0MTZiZmU0OGNhYjcxNzI3MmZhMDp7Il9hdXRoX3VzZXJfaWQiOiIxOTMxIiwiX2F1dGhfdXNlcl9iYWNrZW5kIjoiZGphbmdvLmNvbnRyaWIuYXV0aC5iYWNrZW5kcy5Nb2RlbEJhY2tlbmQiLCJfYXV0aF91c2VyX2hhc2giOiJmZDg3YWE4NmU2OTJhMTY1Y2VlNGJhYjg0MTNlYzJhNWUyZmUwMWQ0In0=	2020-04-09 07:11:00.528339+00
i0sv7bl0czqy2kl1vrqk41bcbel4fi5k	MmYzM2U4MzdlNTU0OWU5NjhjMzE1ZDA0YjFiNDY3Nzk4MmVkMGFjOTp7Il9hdXRoX3VzZXJfaWQiOiIxOTMyIiwiX2F1dGhfdXNlcl9iYWNrZW5kIjoiZGphbmdvLmNvbnRyaWIuYXV0aC5iYWNrZW5kcy5Nb2RlbEJhY2tlbmQiLCJfYXV0aF91c2VyX2hhc2giOiI1NzI4ODJjMTMyZDE4MTQ1OTFiNTU4MjhmNjIxMjVkY2U0MWMzNTJiIn0=	2020-04-10 04:11:29.309733+00
577aeas32w76xi3rzco4k81g6kmua1lc	ZmVlZTg0YWQzZTVmNzI5NDAxMWM3MGYyZDQ5Nzg1M2FmYjY3ZmJmNTp7Il9hdXRoX3VzZXJfaWQiOiIxOTI1IiwiX2F1dGhfdXNlcl9iYWNrZW5kIjoiZGphbmdvLmNvbnRyaWIuYXV0aC5iYWNrZW5kcy5Nb2RlbEJhY2tlbmQiLCJfYXV0aF91c2VyX2hhc2giOiI4NjQ1NTI0ZDFhYzlmMDkxNjQ3ZDI1ZGMzYTJkYjliZWI0N2U4MWFiIn0=	2020-04-11 07:56:40.833198+00
vcwhvf5yipb80hxit8sdbb5g891b4n8k	Mzg0MzQwN2NkZDBkZWJmZTg1OTY5MzNlNmMxMWQ5ZWE0MTVkZDdlYTp7Il9hdXRoX3VzZXJfaWQiOiIxOTQ0IiwiX2F1dGhfdXNlcl9iYWNrZW5kIjoiZGphbmdvLmNvbnRyaWIuYXV0aC5iYWNrZW5kcy5Nb2RlbEJhY2tlbmQiLCJfYXV0aF91c2VyX2hhc2giOiI4MGQ1OTViNjhhNWRjZTg5MDAzNGMxM2Q4MmRmNDE2YjlkODhjZDZiIn0=	2020-04-11 08:15:51.60693+00
vv3481b8ovm0smun7weo6ilhmqwsx6an	MTliOGUyZTI0ODEwYTU2ZDhlMjVkNjViYzVkODJkYzBhODllYTRjYzp7Il9hdXRoX3VzZXJfaWQiOiIxOTY2IiwiX2F1dGhfdXNlcl9iYWNrZW5kIjoiZGphbmdvLmNvbnRyaWIuYXV0aC5iYWNrZW5kcy5Nb2RlbEJhY2tlbmQiLCJfYXV0aF91c2VyX2hhc2giOiI0Y2IxYWIyZWZlZDYxZDJjZjdmOTIwNjBhZDhjNmU1NTk4MjJkYWViIn0=	2020-04-14 10:31:13.71691+00
\.


--
-- Data for Name: employee_approved_finance_table; Type: TABLE DATA; Schema: public; Owner: vaqas
--

COPY public.employee_approved_finance_table (id, client_bank_account_number, ifsc_code, cheque_number, loan_start_date, loan_end_date, sanctioned_amount, total_intrest_amount, emi_delta, loan_duration, duration_type, roi, no_of_emi, emi_type, emi_amount, discount, counter_number, remarks, recieved, total, client_bank_id, finance_id, person_id, status) FROM stdin;
1178	GB55KPLV113567198	IFSC	\N	2015-10-01	2020-04-06	214973	15048.1100000000006	None	7	months	7	1	OneTime	229697.109999999986	324	71	\N	0	229697.109999999986	\N	1185	SCC604458	ACTIVE
1179	GB82OVWX211470271	IFSC	\N	2015-07-01	2020-04-06	567974	34078.4400000000023	None	7	months	6	1	OneTime	601771.439999999944	281	41	\N	0	601771.439999999944	\N	1186	SCC094589	ACTIVE
1181	GB40VQLQ517351423	IFSC	\N	2015-08-01	2020-04-06	785663	39283.1500000000015	None	5	years	5	1	OneTime	824618.150000000023	328	34	\N	0	824618.150000000023	\N	1188	SCC883620	ACTIVE
1185	GB10WYMT442889077	IFSC	\N	2015-09-01	2020-04-06	512588	51258.8000000000029	None	5	years	10	1	OneTime	563605.800000000047	241	93	\N	0	563605.800000000047	\N	1192	SCC860725	ACTIVE
1186	GB42KKWO199604891	IFSC	\N	2015-07-01	2020-04-06	943771	84939.3899999999994	1 months	4	years	9	48	Monthly	21421.7164583333324	468	16	\N	1028242.38999999908	1028242.39000000001	\N	1193	SCC781571	ACTIVE
1180	GB91ZCIJ070799308	IFSC	\N	2015-10-01	2020-04-06	521054	67737.0200000000041	3 months	6	years	13	24	Quaterly	24521.7924999999996	268	92	\N	588523.019999999786	588523.020000000019	\N	1187	SCC094589	ACTIVE
1182	GB02HCLD743663700	IFSC	\N	2015-12-01	2020-04-06	922798	46139.9000000000015	1 months	2	years	5	24	Monthly	40367.3708333333343	121	26	\N	968816.900000000256	968816.900000000023	\N	1189	SCC604458	ACTIVE
1177	GB49AHGY407370790	IFSC	\N	2015-08-01	2020-04-06	736350	95725.5	3 months	15	months	13	5	Quaterly	166324.100000000006	455	60	\N	831620.5	831620.5	\N	1184	SCC604458	ACTIVE
1183	GB37EFWM629908749	IFSC	\N	2015-07-01	2020-04-06	834954	75145.8600000000006	1 months	7	years	9	84	Monthly	10832.2959523809513	187	96	\N	909912.860000000568	909912.859999999986	\N	1190	SCC883620	ACTIVE
1184	GB13NEZU940235046	IFSC	\N	2015-08-01	2020-04-06	585412	40978.8400000000038	3 months	11	months	7	3	Quaterly	208744.613333333313	157	21	\N	626233.839999999618	626233.839999999967	\N	1191	SCC883620	ACTIVE
\.


--
-- Data for Name: employee_balance; Type: TABLE DATA; Schema: public; Owner: vaqas
--

COPY public.employee_balance (id, cash, bank, n_10, n_100, n_20, n_200, n_2000, n_50, n_500) FROM stdin;
32	4995137.50999999978	0	0	0	0	0	0	0	0
\.


--
-- Data for Name: employee_bank_choice; Type: TABLE DATA; Schema: public; Owner: vaqas
--

COPY public.employee_bank_choice (id, bank_choice) FROM stdin;
33	icici
\.


--
-- Data for Name: employee_basic_details; Type: TABLE DATA; Schema: public; Owner: vaqas
--

COPY public.employee_basic_details (nomination_number, entry_date, first_name, last_name, age, gender, father_name, mother_name, date_of_birth, current_address, village, area, pincode, email_id, permanent_address, mobile_number_1, mobile_number_2, landline_number, photograph, signature, thumb_impression, city_id, country_id, district_id, state_id) FROM stdin;
SCC549940	2020-04-06	Walter	Marsh	\N	Male	Tammy Morgan	\N	2001-09-24	\N	\N	\N	\N	\N	\N	8094011162	\N	\N	person/79.png	users/images/default.jpg	users/images/default.jpg	DAUSA	INDIA	\N	RAJASTHAN
SCC776236	2020-04-06	Juan	Moran	\N	Male	Brittany Garcia	\N	1983-07-10	\N	\N	\N	\N	\N	\N	8094011162	\N	\N	person/78.png	users/images/default.jpg	users/images/default.jpg	DAUSA	INDIA	\N	RAJASTHAN
SCC671506	2020-04-06	Jason	Garcia	\N	Male	Laura Torres	\N	1977-12-15	\N	\N	\N	\N	\N	\N	8094011162	\N	\N	person/59.png	users/images/default.jpg	users/images/default.jpg	DAUSA	INDIA	\N	RAJASTHAN
SCC435823	2020-04-06	John	Romero	\N	Male	Brian Barnett	\N	1993-03-19	\N	\N	\N	\N	\N	\N	8094011162	\N	\N	person/70.png	users/images/default.jpg	users/images/default.jpg	DAUSA	INDIA	\N	RAJASTHAN
SCC720950	2020-04-06	Sharon	Gill	\N	Male	Rebecca Casey	\N	1998-07-14	\N	\N	\N	\N	\N	\N	8094011162	\N	\N	person/56.png	users/images/default.jpg	users/images/default.jpg	DAUSA	INDIA	\N	RAJASTHAN
SCC693006	2020-04-06	Sheila	Zavala	\N	Male	Sharon Johnston	\N	1978-04-20	\N	\N	\N	\N	\N	\N	8094011162	\N	\N	person/60.png	users/images/default.jpg	users/images/default.jpg	DAUSA	INDIA	\N	RAJASTHAN
SCC622908	2020-04-06	Amy	Rodriguez	\N	Male	Craig Ortiz	\N	1976-11-21	\N	\N	\N	\N	\N	\N	8094011162	\N	\N	person/77.png	users/images/default.jpg	users/images/default.jpg	DAUSA	INDIA	\N	RAJASTHAN
SCC170196	2020-04-11	as,mdn	lkhjlkdsj	\N	Male	\N	\N	2020-04-11	\N	\N	\N	\N	\N	\N	\N	09809809809	\N	users/images/default.jpg	users/images/default.jpg	users/images/default.jpg	DAUSA	INDIA	LALSOT	RAJASTHAN
SCC282076	2020-04-06	Karl	Murray	\N	Male	Jamie Orr	\N	1979-07-05	\N	\N	\N	\N	\N	\N	8094011162	\N	\N	person/45.png	users/images/default.jpg	users/images/default.jpg	DAUSA	INDIA	\N	RAJASTHAN
SCC661010	2020-04-06	Michael	Bailey	\N	Male	Michael Evans	\N	1986-03-19	\N	\N	\N	\N	\N	\N	8094011162	\N	\N	person/44.png	users/images/default.jpg	users/images/default.jpg	DAUSA	INDIA	\N	RAJASTHAN
SCC781571	2020-04-06	Alexander	Maldonado	\N	Male	Brittany Reyes	\N	1980-06-02	\N	\N	\N	\N	\N	\N	8094011162	\N	\N	person/109.png	users/images/default.jpg	users/images/default.jpg	DAUSA	INDIA	\N	RAJASTHAN
SCC836317	2020-04-06	Andre	Johnson	\N	Male	Cathy Navarro	\N	1971-02-14	\N	\N	\N	\N	\N	\N	8094011162	\N	\N	person/114.png	users/images/default.jpg	users/images/default.jpg	DAUSA	INDIA	\N	RAJASTHAN
SCC860725	2020-04-06	Taylor	Clark	\N	Male	Curtis Perez	\N	1974-01-02	\N	\N	\N	\N	\N	\N	8094011162	\N	\N	person/79.png	users/images/default.jpg	users/images/default.jpg	DAUSA	INDIA	\N	RAJASTHAN
SCC327022	2020-04-06	Stephanie	Jarvis	\N	Male	Richard Castillo	\N	1978-04-22	\N	\N	\N	\N	\N	\N	8094011162	\N	\N	person/75.png	users/images/default.jpg	users/images/default.jpg	DAUSA	INDIA	\N	RAJASTHAN
SCC094589	2020-04-06	William	Henderson	\N	Male	Fernando Davis	\N	1996-02-13	\N	\N	\N	\N	\N	\N	8094011162	\N	\N	person/37.png	users/images/default.jpg	users/images/default.jpg	DAUSA	INDIA	\N	RAJASTHAN
SCC824106	2020-04-06	Christina	Green	\N	Male	Miss Danielle Gonzalez	\N	1994-07-19	\N	\N	\N	\N	\N	\N	8094011162	\N	\N	person/91.png	users/images/default.jpg	users/images/default.jpg	DAUSA	INDIA	\N	RAJASTHAN
SCC572698	2020-04-06	Courtney	Martinez	\N	Male	Samantha Blake	\N	1979-02-18	\N	\N	\N	\N	\N	\N	8094011162	\N	\N	person/4.png	users/images/default.jpg	users/images/default.jpg	DAUSA	INDIA	\N	RAJASTHAN
SCC604458	2020-04-06	John	Cox	\N	Male	Anne Powell	\N	1977-08-23	\N	\N	\N	\N	\N	\N	8094011162	\N	\N	person/104.png	users/images/default.jpg	users/images/default.jpg	DAUSA	INDIA	\N	RAJASTHAN
SCC883620	2020-04-06	Bethany	Turner	\N	Male	Theresa Banks	\N	1971-12-01	\N	\N	\N	\N	\N	\N	8094011162	\N	\N	person/81.png	users/images/default.jpg	users/images/default.jpg	DAUSA	INDIA	\N	RAJASTHAN
SCC008766	2020-04-06	Duane	Chapman	\N	Male	Kimberly Dalton	\N	1998-08-28	\N	\N	\N	\N	\N	\N	8094011162	\N	\N	person/78.png	users/images/default.jpg	users/images/default.jpg	DAUSA	INDIA	\N	RAJASTHAN
SCC610547	2020-04-06	Julian	Oliver	\N	Male	Jimmy Hughes	\N	1975-02-22	\N	\N	\N	\N	\N	\N	8094011162	\N	\N	person/57.png	users/images/default.jpg	users/images/default.jpg	DAUSA	INDIA	\N	RAJASTHAN
SCC713593	2020-04-06	Tracy	Hunter	\N	Male	Sandra Watts	\N	1974-05-23	\N	\N	\N	\N	\N	\N	8094011162	\N	\N	person/104.png	users/images/default.jpg	users/images/default.jpg	DAUSA	INDIA	\N	RAJASTHAN
SCC526360	2020-04-06	Samantha	Berry	\N	Male	Laura Burton	\N	1974-05-28	\N	\N	\N	\N	\N	\N	8094011162	\N	\N	person/76.png	users/images/default.jpg	users/images/default.jpg	DAUSA	INDIA	\N	RAJASTHAN
SCC385096	2020-04-06	Nicole	Morris	\N	Male	Joseph King	\N	2001-06-18	\N	\N	\N	\N	\N	\N	8094011162	\N	\N	person/61.png	users/images/default.jpg	users/images/default.jpg	DAUSA	INDIA	\N	RAJASTHAN
SCC887645	2020-04-06	Rebecca	Green	\N	Male	David White	\N	1983-03-08	\N	\N	\N	\N	\N	\N	8094011162	\N	\N	person/40.png	users/images/default.jpg	users/images/default.jpg	DAUSA	INDIA	\N	RAJASTHAN
SCC959999	2020-04-06	Nicholas	Kennedy	\N	Male	Zachary Hill	\N	1987-09-17	\N	\N	\N	\N	\N	\N	8094011162	\N	\N	person/55.png	users/images/default.jpg	users/images/default.jpg	DAUSA	INDIA	\N	RAJASTHAN
SCC646593	2020-04-06	Brooke	Arnold	\N	Male	Caleb Cox Jr.	\N	1993-04-14	\N	\N	\N	\N	\N	\N	8094011162	\N	\N	person/36.png	users/images/default.jpg	users/images/default.jpg	DAUSA	INDIA	\N	RAJASTHAN
SCC696089	2020-04-06	Regina	Carey	\N	Male	John Armstrong	\N	1987-06-04	\N	\N	\N	\N	\N	\N	8094011162	\N	\N	person/82.png	users/images/default.jpg	users/images/default.jpg	DAUSA	INDIA	\N	RAJASTHAN
SCC626077	2020-04-06	Andrea	Raymond	\N	Male	Michael Wilson	\N	1980-06-28	\N	\N	\N	\N	\N	\N	8094011162	\N	\N	person/11.png	users/images/default.jpg	users/images/default.jpg	DAUSA	INDIA	\N	RAJASTHAN
SCC637732	2020-04-06	Tonya	Kim	\N	Male	Brian Nelson	\N	1984-05-06	\N	\N	\N	\N	\N	\N	8094011162	\N	\N	person/9.png	users/images/default.jpg	users/images/default.jpg	DAUSA	INDIA	\N	RAJASTHAN
SCC582878	2020-04-06	Jason	White	\N	Male	Karen Price	\N	1985-05-15	\N	\N	\N	\N	\N	\N	8094011162	\N	\N	person/65.png	users/images/default.jpg	users/images/default.jpg	DAUSA	INDIA	\N	RAJASTHAN
\.


--
-- Data for Name: employee_branch_choice; Type: TABLE DATA; Schema: public; Owner: vaqas
--

COPY public.employee_branch_choice (id, branch_choice) FROM stdin;
\.


--
-- Data for Name: employee_cash_collection; Type: TABLE DATA; Schema: public; Owner: vaqas
--

COPY public.employee_cash_collection (id, bill_number, date, total_society_deposit, total_loan_deposit, n_10, n_20, n_50, n_100, n_200, n_500, n_2000, employee_id, remarks, tot_reciept, tot_payment, approved) FROM stdin;
1697	5	2015-10-21	1600	0	0	0	0	0	0	0	0	SCC693006	-	0	0	f
1698	6	2015-11-01	800	0	0	0	0	0	0	0	0	SCC693006	-	0	0	f
1699	7	2015-11-08	1100	0	0	0	0	0	0	0	0	SCC693006	-	0	0	f
1700	8	2015-11-15	700	0	0	0	0	0	0	0	0	SCC693006	-	0	0	f
1701	9	2015-11-17	1800	0	0	0	0	0	0	0	0	SCC693006	-	0	0	f
1702	10	2015-11-22	1700	0	0	0	0	0	0	0	0	SCC693006	-	0	0	f
1703	11	2015-11-29	800	0	0	0	0	0	0	0	0	SCC693006	-	0	0	f
1704	12	2015-12-01	1900	0	0	0	0	0	0	0	0	SCC693006	-	0	0	f
1692	0	2015-08-01	600	0	0	0	0	0	0	0	0	SCC693006	-	0	0	f
1693	1	2015-08-28	500	0	0	0	0	0	0	0	0	SCC693006	-	0	0	f
1694	2	2015-09-01	1700	0	0	0	0	0	0	0	0	SCC693006	-	0	0	f
1695	3	2015-09-24	700	0	0	0	0	0	0	0	0	SCC693006	-	0	0	f
1705	13	2015-12-06	1000	0	0	0	0	0	0	0	0	SCC693006	-	0	0	f
1706	14	2015-12-13	1400	0	0	0	0	0	0	0	0	SCC693006	-	0	0	f
1707	15	2015-12-14	1000	0	0	0	0	0	0	0	0	SCC693006	-	0	0	f
1708	16	2015-12-20	500	0	0	0	0	0	0	0	0	SCC693006	-	0	0	f
1709	17	2015-12-27	800	0	0	0	0	0	0	0	0	SCC693006	-	0	0	f
1710	18	2016-01-01	1400	0	0	0	0	0	0	0	0	SCC693006	-	0	0	f
1711	19	2016-01-03	1100	0	0	0	0	0	0	0	0	SCC693006	-	0	0	f
1712	20	2016-01-10	3500	0	0	0	0	0	0	0	0	SCC693006	-	0	0	f
1713	21	2016-01-17	600	0	0	0	0	0	0	0	0	SCC693006	-	0	0	f
1714	22	2016-01-24	700	0	0	0	0	0	0	0	0	SCC693006	-	0	0	f
1715	23	2016-01-31	900	0	0	0	0	0	0	0	0	SCC693006	-	0	0	f
1716	24	2016-02-01	1600	0	0	0	0	0	0	0	0	SCC693006	-	0	0	f
1717	25	2016-02-06	700	0	0	0	0	0	0	0	0	SCC693006	-	0	0	f
1718	26	2016-02-07	500	0	0	0	0	0	0	0	0	SCC693006	-	0	0	f
1719	27	2016-02-14	1500	0	0	0	0	0	0	0	0	SCC693006	-	0	0	f
1720	28	2016-02-21	500	0	0	0	0	0	0	0	0	SCC693006	-	0	0	f
1721	29	2016-02-28	1200	0	0	0	0	0	0	0	0	SCC693006	-	0	0	f
1722	30	2016-03-01	500	0	0	0	0	0	0	0	0	SCC693006	-	0	0	f
1723	31	2016-03-04	900	0	0	0	0	0	0	0	0	SCC693006	-	0	0	f
1724	32	2016-03-06	1300	0	0	0	0	0	0	0	0	SCC693006	-	0	0	f
1725	33	2016-03-13	1600	0	0	0	0	0	0	0	0	SCC693006	-	0	0	f
1726	34	2016-03-20	700	0	0	0	0	0	0	0	0	SCC693006	-	0	0	f
1727	35	2016-03-27	900	0	0	0	0	0	0	0	0	SCC693006	-	0	0	f
1728	36	2016-03-31	1800	0	0	0	0	0	0	0	0	SCC693006	-	0	0	f
1729	37	2016-04-01	1200	0	0	0	0	0	0	0	0	SCC693006	-	0	0	f
1730	38	2016-04-03	900	0	0	0	0	0	0	0	0	SCC693006	-	0	0	f
1731	39	2016-04-10	1200	0	0	0	0	0	0	0	0	SCC693006	-	0	0	f
1732	40	2016-04-17	500	0	0	0	0	0	0	0	0	SCC693006	-	0	0	f
1733	41	2016-04-24	900	0	0	0	0	0	0	0	0	SCC693006	-	0	0	f
1734	42	2016-04-27	1900	0	0	0	0	0	0	0	0	SCC693006	-	0	0	f
1735	43	2016-05-01	1800	0	0	0	0	0	0	0	0	SCC693006	-	0	0	f
1736	44	2015-10-01	1600	0	0	0	0	0	0	0	0	SCC622908	-	0	0	f
1737	45	2015-11-01	500	831620.5	0	0	0	0	0	0	0	SCC622908	-	0	0	f
1738	46	2015-12-01	900	0	0	0	0	0	0	0	0	SCC622908	-	0	0	f
1739	47	2016-01-01	600	968816.899999999674	0	0	0	0	0	0	0	SCC622908	-	0	0	f
1740	48	2016-02-01	1400	0	0	0	0	0	0	0	0	SCC622908	-	0	0	f
1741	49	2016-03-01	1000	0	0	0	0	0	0	0	0	SCC622908	-	0	0	f
1742	50	2016-04-01	700	0	0	0	0	0	0	0	0	SCC622908	-	0	0	f
1743	51	2016-05-01	1400	0	0	0	0	0	0	0	0	SCC622908	-	0	0	f
1746	54	2015-08-01	0	1028242.38999999862	0	0	0	0	0	0	0	SCC637732	-	0	0	f
1759	67	2015-05-30	500	0	0	0	0	0	0	0	0	SCC582878	-	0	0	f
1760	68	2015-06-28	1600	0	0	0	0	0	0	0	0	SCC582878	-	0	0	f
1761	69	2015-07-27	1900	0	0	0	0	0	0	0	0	SCC582878	-	0	0	f
1762	70	2015-08-01	0	909912.860000003246	0	0	0	0	0	0	0	SCC582878	-	0	0	f
1763	71	2015-08-25	1300	0	0	0	0	0	0	0	0	SCC582878	-	0	0	f
1764	72	2015-09-23	1000	0	0	0	0	0	0	0	0	SCC582878	-	0	0	f
1765	73	2015-10-22	900	0	0	0	0	0	0	0	0	SCC582878	-	0	0	f
1766	74	2015-11-01	0	626233.83999999892	0	0	0	0	0	0	0	SCC582878	-	0	0	f
1767	75	2015-11-20	700	0	0	0	0	0	0	0	0	SCC582878	-	0	0	f
1768	76	2015-12-19	1100	0	0	0	0	0	0	0	0	SCC582878	-	0	0	f
1769	77	2016-01-17	1300	0	0	0	0	0	0	0	0	SCC582878	-	0	0	f
1744	52	2016-01-01	0	588523.019999999786	0	0	0	0	0	0	0	SCC671506	-	0	0	f
1745	53	2015-09-20	600	0	0	0	0	0	0	0	0	SCC435823	-	0	0	f
1747	55	2015-10-09	700	0	0	0	0	0	0	0	0	SCC435823	-	0	0	f
1748	56	2015-10-28	700	0	0	0	0	0	0	0	0	SCC435823	-	0	0	f
1749	57	2015-11-16	1200	0	0	0	0	0	0	0	0	SCC435823	-	0	0	f
1750	58	2015-12-05	800	0	0	0	0	0	0	0	0	SCC435823	-	0	0	f
1751	59	2015-12-24	1600	0	0	0	0	0	0	0	0	SCC435823	-	0	0	f
1752	60	2016-01-12	1800	0	0	0	0	0	0	0	0	SCC435823	-	0	0	f
1753	61	2016-01-31	1100	0	0	0	0	0	0	0	0	SCC435823	-	0	0	f
1754	62	2016-02-19	800	0	0	0	0	0	0	0	0	SCC435823	-	0	0	f
1755	63	2016-03-09	1200	0	0	0	0	0	0	0	0	SCC435823	-	0	0	f
1756	64	2016-03-28	1300	0	0	0	0	0	0	0	0	SCC435823	-	0	0	f
1757	65	2016-04-16	500	0	0	0	0	0	0	0	0	SCC435823	-	0	0	f
1758	66	2016-05-05	1200	0	0	0	0	0	0	0	0	SCC435823	-	0	0	f
1770	78	2016-02-15	1700	0	0	0	0	0	0	0	0	SCC582878	-	0	0	f
1771	79	2016-03-15	600	0	0	0	0	0	0	0	0	SCC582878	-	0	0	f
1772	80	2016-04-13	1800	0	0	0	0	0	0	0	0	SCC582878	-	0	0	f
1696	4	2015-10-01	1600	0	0	0	0	1000	0	0	2	SCC693006	-	1600	300	t
\.


--
-- Data for Name: employee_cash_notes; Type: TABLE DATA; Schema: public; Owner: vaqas
--

COPY public.employee_cash_notes (id, _10, _20, _50, _100, _200, _500, _2000, voucher_id) FROM stdin;
\.


--
-- Data for Name: employee_cheque_details; Type: TABLE DATA; Schema: public; Owner: vaqas
--

COPY public.employee_cheque_details (id, cheque_number, cheque_date, bank_id, branch_id, voucher_id) FROM stdin;
\.


--
-- Data for Name: employee_city_choice; Type: TABLE DATA; Schema: public; Owner: vaqas
--

COPY public.employee_city_choice (id, city_choice) FROM stdin;
32	DAUSA
\.


--
-- Data for Name: employee_client; Type: TABLE DATA; Schema: public; Owner: vaqas
--

COPY public.employee_client (basic_details_ptr_id, id_proof_ptr_id, account_nominee_name, minor_checkbox, guardian_name, guardian_address, category, nomination_fees, sharing_amount, remarks, agent_name_id, guardian_relation_id, nominee_relation_id, no_of_shares) FROM stdin;
SCC661010	4349	\N	f	\N	\N	Society	2000	1000	\N	SCC693006	\N	\N	0
SCC781571	4350	\N	f	\N	\N	Society	2000	1000	\N	SCC637732	\N	\N	0
SCC836317	4351	\N	f	\N	\N	Society	2000	1000	\N	SCC693006	\N	\N	0
SCC860725	4352	\N	f	\N	\N	Society	2000	1000	\N	SCC776236	\N	\N	0
SCC327022	4353	\N	f	\N	\N	Society	2000	1000	\N	SCC776236	\N	\N	0
SCC094589	4354	\N	f	\N	\N	Society	2000	1000	\N	SCC671506	\N	\N	0
SCC824106	4355	\N	f	\N	\N	Society	2000	1000	\N	SCC435823	\N	\N	0
SCC572698	4356	\N	f	\N	\N	Society	2000	1000	\N	SCC776236	\N	\N	0
SCC604458	4357	\N	f	\N	\N	Society	2000	1000	\N	SCC622908	\N	\N	0
SCC883620	4358	\N	f	\N	\N	Society	2000	1000	\N	SCC582878	\N	\N	0
SCC008766	4359	\N	f	\N	\N	Society	2000	1000	\N	SCC622908	\N	\N	0
SCC610547	4360	\N	f	\N	\N	Society	2000	1000	\N	SCC671506	\N	\N	0
SCC713593	4361	\N	f	\N	\N	Society	2000	1000	\N	SCC622908	\N	\N	0
SCC526360	4362	\N	f	\N	\N	Society	2000	1000	\N	SCC776236	\N	\N	0
SCC385096	4363	\N	f	\N	\N	Society	2000	1000	\N	SCC776236	\N	\N	0
SCC887645	4364	\N	f	\N	\N	Society	2000	1000	\N	SCC582878	\N	\N	0
SCC959999	4365	\N	f	\N	\N	Society	2000	1000	\N	SCC693006	\N	\N	0
SCC646593	4366	\N	f	\N	\N	Society	2000	1000	\N	SCC720950	\N	\N	0
SCC696089	4367	\N	f	\N	\N	Society	2000	1000	\N	SCC671506	\N	\N	0
SCC626077	4368	\N	f	\N	\N	Society	2000	1000	\N	SCC693006	\N	\N	0
SCC170196	4370	\N	f	\N	\N	Society	0	0		SCC582878	sister	asd	0
\.


--
-- Data for Name: employee_collection_deposit; Type: TABLE DATA; Schema: public; Owner: vaqas
--

COPY public.employee_collection_deposit (id, bill_no, payment_received_date, payment_received, previous_balance, latest_intrest, remarks, deposit_id, agent_name_id, person_id) FROM stdin;
5130	0	2015-05-30	500	713796	2268.50235616437476	\N	427	SCC582878	SCC781571
5135	5	2015-09-20	600	650140	1353.71616438355659	\N	436	SCC435823	SCC572698
5137	7	2015-06-28	1600	713796	4537.00471232874952	\N	427	SCC582878	SCC781571
5141	10	2015-10-09	700	650140	2707.43232876711318	\N	436	SCC435823	SCC572698
5143	12	2015-07-27	1900	713796	6805.50706849312428	\N	427	SCC582878	SCC781571
5146	16	2015-10-28	700	650140	4061.14849315066976	\N	436	SCC435823	SCC572698
5148	18	2015-08-25	1300	713796	9074.00942465749904	\N	427	SCC582878	SCC781571
5152	22	2015-11-16	1200	650140	5414.86465753422635	\N	436	SCC435823	SCC572698
5153	22	2015-09-23	1000	713796	11342.5117808218747	\N	427	SCC582878	SCC781571
5157	27	2015-10-22	900	713796	13611.0141369862504	\N	427	SCC582878	SCC781571
5159	27	2015-12-05	800	650140	6768.5808219177834	\N	436	SCC435823	SCC572698
5163	33	2015-11-20	700	713796	15879.516493150626	\N	427	SCC582878	SCC781571
5165	33	2015-12-24	1600	650140	8122.29698630134044	\N	436	SCC435823	SCC572698
5169	38	2015-12-19	1100	713796	18148.0188493150017	\N	427	SCC582878	SCC781571
5171	40	2016-01-12	1800	650140	9476.01315068489748	\N	436	SCC435823	SCC572698
5174	44	2016-01-31	1100	650140	10829.7293150684545	\N	436	SCC435823	SCC572698
5176	44	2016-01-17	1300	713796	20416.5212054793774	\N	427	SCC582878	SCC781571
5180	50	2016-02-15	1700	713796	22685.0235616437531	\N	427	SCC582878	SCC781571
5184	54	2016-02-19	800	650140	12183.4454794520116	\N	436	SCC435823	SCC572698
5185	55	2016-03-15	600	713796	24953.5259178081287	\N	427	SCC582878	SCC781571
5188	58	2016-03-09	1200	650140	13537.1616438355686	\N	436	SCC435823	SCC572698
5192	62	2016-04-13	1800	713796	27222.0282739725044	\N	427	SCC582878	SCC781571
5194	64	2016-03-28	1300	650140	14890.8778082191257	\N	436	SCC435823	SCC572698
5199	68	2016-04-16	500	650140	16244.5939726026827	\N	436	SCC435823	SCC572698
5200	69	2016-05-12	600	713796	29490.5306301368801	\N	427	SCC582878	SCC781571
5204	73	2016-05-05	1200	650140	17598.3101369862379	\N	436	SCC435823	SCC572698
5206	76	2016-06-10	500	713796	31759.0329863012557	\N	427	SCC582878	SCC781571
5207	77	2016-05-24	1400	650140	18952.026301369795	\N	436	SCC435823	SCC572698
5212	81	2016-07-09	800	713796	34027.5353424656278	\N	427	SCC582878	SCC781571
5215	83	2016-06-12	1700	650140	20305.742465753352	\N	436	SCC435823	SCC572698
5217	87	2016-08-07	800	713796	36296.0376986300034	\N	427	SCC582878	SCC781571
5220	89	2016-07-01	1000	650140	21659.4586301369091	\N	436	SCC435823	SCC572698
5222	92	2016-09-05	1500	713796	38564.5400547943791	\N	427	SCC582878	SCC781571
5225	95	2016-07-20	900	650140	23013.1747945204661	\N	436	SCC435823	SCC572698
5228	97	2016-10-04	700	713796	40833.0424109587548	\N	427	SCC582878	SCC781571
5230	100	2016-08-08	1100	650140	24366.8909589040231	\N	436	SCC435823	SCC572698
5235	105	2016-11-02	1800	713796	43101.5447671231304	\N	427	SCC582878	SCC781571
5236	106	2016-08-27	900	650140	25720.6071232875802	\N	436	SCC435823	SCC572698
5242	112	2016-12-01	1200	713796	45370.0471232875061	\N	427	SCC582878	SCC781571
5243	113	2016-09-15	500	650140	27074.3232876711372	\N	436	SCC435823	SCC572698
5248	118	2016-12-30	800	713796	47638.5494794518818	\N	427	SCC582878	SCC781571
5249	118	2016-10-04	1800	650140	28428.0394520546943	\N	436	SCC435823	SCC572698
5253	123	2016-10-23	500	650140	29781.7556164382513	\N	436	SCC435823	SCC572698
5254	123	2017-01-28	500	713796	49907.0518356162574	\N	427	SCC582878	SCC781571
5257	126	2016-11-11	1200	650140	31135.4717808218084	\N	436	SCC435823	SCC572698
5260	130	2017-02-26	1200	713796	52175.5541917806331	\N	427	SCC582878	SCC781571
5264	133	2016-11-30	600	650140	32489.1879452053654	\N	436	SCC435823	SCC572698
5265	135	2017-03-27	1100	713796	54444.0565479450088	\N	427	SCC582878	SCC781571
5268	138	2016-12-19	700	650140	33842.9041095889188	\N	436	SCC435823	SCC572698
5269	139	2017-04-25	1200	713796	56712.5589041093845	\N	427	SCC582878	SCC781571
5274	144	2017-01-07	1700	650140	35196.6202739724758	\N	436	SCC435823	SCC572698
5275	145	2017-05-24	900	713796	58981.0612602737601	\N	427	SCC582878	SCC781571
5279	149	2017-01-26	1800	650140	36550.3364383560329	\N	436	SCC435823	SCC572698
5281	150	2017-06-22	1400	713796	61249.5636164381358	\N	427	SCC582878	SCC781571
5285	155	2017-02-14	900	650140	37904.0526027395899	\N	436	SCC435823	SCC572698
5287	156	2017-07-21	900	713796	63518.0659726025115	\N	427	SCC582878	SCC781571
5290	160	2017-03-05	1900	650140	39257.768767123147	\N	436	SCC435823	SCC572698
5292	162	2017-08-19	1700	713796	65786.5683287668799	\N	427	SCC582878	SCC781571
5296	164	2017-09-17	1500	713796	68055.0706849312555	\N	427	SCC582878	SCC781571
5297	166	2017-03-24	600	650140	40611.484931506704	\N	436	SCC435823	SCC572698
5300	169	2017-04-12	1000	650140	41965.2010958902611	\N	436	SCC435823	SCC572698
5302	171	2017-10-16	1000	713796	70323.5730410956312	\N	427	SCC582878	SCC781571
5306	176	2017-11-14	1300	713796	72592.0753972600069	\N	427	SCC582878	SCC781571
5309	179	2017-12-13	1500	713796	74860.5777534243825	\N	427	SCC582878	SCC781571
5313	183	2018-01-11	1200	713796	77129.0801095887582	\N	427	SCC582878	SCC781571
5317	187	2018-02-09	700	713796	79397.5824657531339	\N	427	SCC582878	SCC781571
5321	190	2018-03-10	1200	713796	81666.0848219175095	\N	427	SCC582878	SCC781571
5324	194	2018-04-08	600	713796	83934.5871780818852	\N	427	SCC582878	SCC781571
5327	197	2018-05-07	800	713796	86203.0895342462609	\N	427	SCC582878	SCC781571
5330	200	2018-06-05	1200	713796	88471.5918904106366	\N	427	SCC582878	SCC781571
5333	203	2018-07-04	1800	713796	90740.0942465750122	\N	427	SCC582878	SCC781571
5336	206	2018-08-02	1900	713796	93008.5966027393879	\N	427	SCC582878	SCC781571
5131	1	2015-08-01	600	126714	645.720657534248062	\N	431	SCC693006	SCC385096
5136	5	2015-09-01	1700	126714	1291.44131506849612	\N	431	SCC693006	SCC385096
5142	12	2015-10-01	1600	126714	1916.33227397260725	\N	431	SCC693006	SCC385096
5149	19	2015-11-01	800	126714	2562.0529315068552	\N	431	SCC693006	SCC385096
5156	26	2015-12-01	1900	126714	3186.94389041096611	\N	431	SCC693006	SCC385096
5161	31	2016-01-01	1400	126714	3832.66454794521405	\N	431	SCC693006	SCC385096
5166	36	2016-02-01	1600	126714	4478.38520547946246	\N	431	SCC693006	SCC385096
5172	42	2016-03-01	500	126714	5082.44646575343631	\N	431	SCC693006	SCC385096
5179	49	2016-04-01	1200	126714	5728.16712328768426	\N	431	SCC693006	SCC385096
5187	56	2016-05-01	800	126714	6353.05808219179562	\N	431	SCC693006	SCC385096
5191	60	2016-06-01	1300	126714	6998.77873972604357	\N	431	SCC693006	SCC385096
5196	66	2016-07-01	1600	126714	7623.66969863015493	\N	431	SCC693006	SCC385096
5205	75	2016-08-01	1000	126714	8269.39035616440378	\N	431	SCC693006	SCC385096
5211	81	2016-09-01	700	126714	8915.11101369865173	\N	431	SCC693006	SCC385096
5221	87	2016-10-01	1800	126714	9540.00197260276218	\N	431	SCC693006	SCC385096
5231	100	2016-11-01	800	126714	10185.7226301370101	\N	431	SCC693006	SCC385096
5238	106	2016-12-01	800	126714	10810.6135890411206	\N	431	SCC693006	SCC385096
5244	113	2017-01-01	500	126714	11456.3342465753685	\N	431	SCC693006	SCC385096
5251	120	2017-02-01	1800	126714	12102.0549041096165	\N	431	SCC693006	SCC385096
5256	126	2017-03-01	600	126714	12685.2864657534537	\N	431	SCC693006	SCC385096
5263	132	2017-04-01	700	126714	13331.0071232877017	\N	431	SCC693006	SCC385096
5271	138	2017-05-01	1500	126714	13955.8980821918121	\N	431	SCC693006	SCC385096
5276	146	2017-06-01	1800	126714	14601.6187397260601	\N	431	SCC693006	SCC385096
5284	153	2017-07-01	1700	126714	15226.5096986301705	\N	431	SCC693006	SCC385096
5132	2	2015-11-08	1100	526256	403.703232876710786	\N	430	SCC693006	SCC646593
5138	8	2015-11-15	700	526256	807.406465753421571	\N	430	SCC693006	SCC646593
5145	14	2015-11-22	1700	526256	1211.10969863013224	\N	430	SCC693006	SCC646593
5150	19	2015-11-29	800	526256	1614.81293150684314	\N	430	SCC693006	SCC646593
5155	25	2015-12-06	1000	526256	2018.51616438355404	\N	430	SCC693006	SCC646593
5162	31	2015-12-13	1400	526256	2422.21939726026494	\N	430	SCC693006	SCC646593
5170	40	2015-12-20	500	526256	2825.92263013697584	\N	430	SCC693006	SCC646593
5177	47	2015-12-27	800	526256	3229.62586301368674	\N	430	SCC693006	SCC646593
5182	52	2016-01-03	1100	526256	3633.32909589039764	\N	430	SCC693006	SCC646593
5190	60	2016-01-10	1900	526256	4037.03232876710854	\N	430	SCC693006	SCC646593
5198	68	2016-01-17	600	526256	4440.73556164381898	\N	430	SCC693006	SCC646593
5201	71	2016-01-24	700	526256	4844.43879452052988	\N	430	SCC693006	SCC646593
5208	78	2016-01-31	900	526256	5248.14202739724078	\N	430	SCC693006	SCC646593
5216	85	2016-02-07	500	526256	5651.84526027395168	\N	430	SCC693006	SCC646593
5224	93	2016-02-14	1500	526256	6055.54849315066258	\N	430	SCC693006	SCC646593
5229	98	2016-02-21	500	526256	6459.25172602737348	\N	430	SCC693006	SCC646593
5233	103	2016-02-28	1200	526256	6862.95495890408438	\N	430	SCC693006	SCC646593
5240	109	2016-03-06	1300	526256	7266.65819178079528	\N	430	SCC693006	SCC646593
5246	116	2016-03-13	1600	526256	7670.36142465750618	\N	430	SCC693006	SCC646593
5255	125	2016-03-20	700	526256	8074.06465753421708	\N	430	SCC693006	SCC646593
5261	131	2016-03-27	900	526256	8477.76789041092707	\N	430	SCC693006	SCC646593
5270	139	2016-04-03	900	526256	8881.47112328763797	\N	430	SCC693006	SCC646593
5277	146	2016-04-10	1200	526256	9285.17435616434886	\N	430	SCC693006	SCC646593
5283	153	2016-04-17	500	526256	9688.87758904105976	\N	430	SCC693006	SCC646593
5288	158	2016-04-24	900	526256	10092.5808219177707	\N	430	SCC693006	SCC646593
5295	163	2016-05-01	1000	526256	10496.2840547944816	\N	430	SCC693006	SCC646593
5301	170	2016-05-08	1600	526256	10899.9872876711925	\N	430	SCC693006	SCC646593
5305	174	2016-05-15	700	526256	11303.6905205479034	\N	430	SCC693006	SCC646593
5308	178	2016-05-22	1700	526256	11707.3937534246143	\N	430	SCC693006	SCC646593
5311	181	2016-05-29	1900	526256	12111.0969863013252	\N	430	SCC693006	SCC646593
5314	184	2016-06-05	500	526256	12514.8002191780361	\N	430	SCC693006	SCC646593
5318	188	2016-06-12	1900	526256	12918.503452054747	\N	430	SCC693006	SCC646593
5322	192	2016-06-19	1300	526256	13322.2066849314579	\N	430	SCC693006	SCC646593
5325	195	2016-06-26	1000	526256	13725.9099178081688	\N	430	SCC693006	SCC646593
5328	198	2016-07-03	1200	526256	14129.6131506848797	\N	430	SCC693006	SCC646593
5331	201	2016-07-10	1700	526256	14533.3163835615906	\N	430	SCC693006	SCC646593
5334	204	2016-07-17	1000	526256	14937.0196164383015	\N	430	SCC693006	SCC646593
5337	207	2016-07-24	900	526256	15340.7228493150124	\N	430	SCC693006	SCC646593
5339	209	2016-07-31	700	526256	15744.4260821917233	\N	430	SCC693006	SCC646593
5341	211	2016-08-07	1800	526256	16148.1293150684342	\N	430	SCC693006	SCC646593
5343	213	2016-08-14	1200	526256	16551.8325479451451	\N	430	SCC693006	SCC646593
5345	215	2016-08-21	600	526256	16955.5357808218541	\N	430	SCC693006	SCC646593
5347	217	2016-08-28	1400	526256	17359.2390136985632	\N	430	SCC693006	SCC646593
5133	3	2015-08-28	500	796352	2356.32920547944286	\N	435	SCC693006	SCC646593
5139	9	2015-09-24	700	796352	4712.65841095888572	\N	435	SCC693006	SCC646593
5144	14	2015-10-21	1600	796352	7068.98761643832859	\N	435	SCC693006	SCC646593
5151	20	2015-11-17	1800	796352	9425.31682191777145	\N	435	SCC693006	SCC646593
5158	27	2015-12-14	1000	796352	11781.6460273972152	\N	435	SCC693006	SCC646593
5164	33	2016-01-10	1600	796352	14137.975232876659	\N	435	SCC693006	SCC646593
5168	38	2016-02-06	700	796352	16494.3044383561028	\N	435	SCC693006	SCC646593
5175	44	2016-03-04	900	796352	18850.6336438355465	\N	435	SCC693006	SCC646593
5181	49	2016-03-31	1800	796352	21206.9628493149903	\N	435	SCC693006	SCC646593
5186	55	2016-04-27	1900	796352	23563.2920547944341	\N	435	SCC693006	SCC646593
5193	62	2016-05-24	1200	796352	25919.6212602738779	\N	435	SCC693006	SCC646593
5197	66	2016-06-20	1500	796352	28275.9504657533216	\N	435	SCC693006	SCC646593
5203	71	2016-07-17	800	796352	30632.2796712327654	\N	435	SCC693006	SCC646593
5210	79	2016-08-13	1000	796352	32988.6088767122055	\N	435	SCC693006	SCC646593
5214	84	2016-09-09	700	796352	35344.9380821916493	\N	435	SCC693006	SCC646593
5219	89	2016-10-06	1900	796352	37701.2672876710931	\N	435	SCC693006	SCC646593
5226	95	2016-11-02	1800	796352	40057.5964931505368	\N	435	SCC693006	SCC646593
5232	101	2016-11-29	800	796352	42413.9256986299806	\N	435	SCC693006	SCC646593
5237	106	2016-12-26	1200	796352	44770.2549041094244	\N	435	SCC693006	SCC646593
5241	111	2017-01-22	1100	796352	47126.5841095888682	\N	435	SCC693006	SCC646593
5247	117	2017-02-18	600	796352	49482.9133150683119	\N	435	SCC693006	SCC646593
5252	122	2017-03-17	1800	796352	51839.2425205477557	\N	435	SCC693006	SCC646593
5259	129	2017-04-13	900	796352	54195.5717260271995	\N	435	SCC693006	SCC646593
5266	135	2017-05-10	1400	796352	56551.9009315066432	\N	435	SCC693006	SCC646593
5272	142	2017-06-06	1000	796352	58908.230136986087	\N	435	SCC693006	SCC646593
5280	150	2017-07-03	1700	796352	61264.5593424655308	\N	435	SCC693006	SCC646593
5286	155	2017-07-30	1800	796352	63620.8885479449746	\N	435	SCC693006	SCC646593
5291	160	2017-08-26	600	796352	65977.2177534244111	\N	435	SCC693006	SCC646593
5294	164	2017-09-22	600	796352	68333.5469589038548	\N	435	SCC693006	SCC646593
5299	169	2017-10-19	1400	796352	70689.8761643832986	\N	435	SCC693006	SCC646593
5304	174	2017-11-15	1100	796352	73046.2053698627424	\N	435	SCC693006	SCC646593
5310	179	2017-12-12	1500	796352	75402.5345753421861	\N	435	SCC693006	SCC646593
5315	184	2018-01-08	1400	796352	77758.8637808216299	\N	435	SCC693006	SCC646593
5320	190	2018-02-04	1400	796352	80115.1929863010737	\N	435	SCC693006	SCC646593
5323	193	2018-03-03	1700	796352	82471.5221917805175	\N	435	SCC693006	SCC646593
5326	196	2018-03-30	1700	796352	84827.8513972599612	\N	435	SCC693006	SCC646593
5329	199	2018-04-26	600	796352	87184.180602739405	\N	435	SCC693006	SCC646593
5332	202	2018-05-23	900	796352	89540.5098082188488	\N	435	SCC693006	SCC646593
5335	205	2018-06-19	700	796352	91896.8390136982925	\N	435	SCC693006	SCC646593
5338	208	2018-07-16	1700	796352	94253.1682191777363	\N	435	SCC693006	SCC646593
5340	210	2018-08-12	1700	796352	96609.4974246571801	\N	435	SCC693006	SCC646593
5342	212	2018-09-08	1900	796352	98965.8266301366239	\N	435	SCC693006	SCC646593
5344	214	2018-10-05	800	796352	101322.155835616068	\N	435	SCC693006	SCC646593
5346	216	2018-11-01	800	796352	103678.485041095511	\N	435	SCC693006	SCC646593
5348	218	2018-11-28	1200	796352	106034.814246574955	\N	435	SCC693006	SCC646593
5349	219	2018-12-25	1700	796352	108391.143452054399	\N	435	SCC693006	SCC646593
5350	220	2019-01-21	1000	796352	110747.472657533843	\N	435	SCC693006	SCC646593
5134	3	2015-10-01	1600	486598	2399.66136986301899	\N	433	SCC622908	SCC094589
5140	10	2015-11-01	500	486598	4879.31145205480607	\N	433	SCC622908	SCC094589
5147	17	2015-12-01	900	486598	7278.97282191782506	\N	433	SCC622908	SCC094589
5154	24	2016-01-01	600	486598	9758.62290410961214	\N	433	SCC622908	SCC094589
5160	30	2016-02-01	1400	486598	12238.2729863013992	\N	433	SCC622908	SCC094589
5167	37	2016-03-01	1000	486598	14557.9456438356501	\N	433	SCC622908	SCC094589
5173	42	2016-04-01	700	486598	17037.5957260274372	\N	433	SCC622908	SCC094589
5178	48	2016-05-01	1400	486598	19437.2570958904544	\N	433	SCC622908	SCC094589
5183	52	2016-06-01	1600	486598	21916.9071780822414	\N	433	SCC622908	SCC094589
5189	59	2016-07-01	1100	486598	24316.5685479452586	\N	433	SCC622908	SCC094589
5195	65	2016-08-01	900	486598	26796.2186301370457	\N	433	SCC622908	SCC094589
5202	71	2016-09-01	1500	486598	29275.8687123288328	\N	433	SCC622908	SCC094589
5209	76	2016-10-01	900	486598	31675.5300821918499	\N	433	SCC622908	SCC094589
5213	83	2016-11-01	1500	486598	34155.180164383637	\N	433	SCC622908	SCC094589
5218	87	2016-12-01	1800	486598	36554.8415342466542	\N	433	SCC622908	SCC094589
5223	93	2017-01-01	1800	486598	39034.4916164384413	\N	433	SCC622908	SCC094589
5227	97	2017-02-01	1100	486598	41514.1416986302283	\N	433	SCC622908	SCC094589
5234	103	2017-03-01	1800	486598	43753.825643835713	\N	433	SCC622908	SCC094589
5239	109	2017-04-01	1900	486598	46233.4757260275001	\N	433	SCC622908	SCC094589
5245	114	2017-05-01	1200	486598	48633.1370958905172	\N	433	SCC622908	SCC094589
5250	118	2017-06-01	800	486598	51112.7871780823043	\N	433	SCC622908	SCC094589
5258	126	2017-07-01	1700	486598	53512.4485479453215	\N	433	SCC622908	SCC094589
5262	132	2017-08-01	1700	486598	55992.0986301371086	\N	433	SCC622908	SCC094589
5267	137	2017-09-01	1700	486598	58471.7487123288956	\N	433	SCC622908	SCC094589
5273	143	2017-10-01	500	486598	60871.4100821919128	\N	433	SCC622908	SCC094589
5278	146	2017-11-01	1200	486598	63351.0601643836999	\N	433	SCC622908	SCC094589
5282	152	2017-12-01	1300	486598	65750.7215342467243	\N	433	SCC622908	SCC094589
5289	158	2018-01-01	1400	486598	68230.3716164385114	\N	433	SCC622908	SCC094589
5293	163	2018-02-01	1000	486598	70710.0216986302985	\N	433	SCC622908	SCC094589
5298	168	2018-03-01	800	486598	72949.7056438357831	\N	433	SCC622908	SCC094589
5303	173	2018-04-01	500	486598	75429.3557260275702	\N	433	SCC622908	SCC094589
5307	177	2018-05-01	700	486598	77829.0170958905946	\N	433	SCC622908	SCC094589
5312	182	2018-06-01	1000	486598	80308.6671780823817	\N	433	SCC622908	SCC094589
5316	186	2018-07-01	1500	486598	82708.3285479454062	\N	433	SCC622908	SCC094589
5319	189	2018-08-01	1900	486598	85187.9786301371932	\N	433	SCC622908	SCC094589
\.


--
-- Data for Name: employee_collection_finance; Type: TABLE DATA; Schema: public; Owner: vaqas
--

COPY public.employee_collection_finance (id, bill_no, loan_emi_received_date, loan_emi_received, penalty, remarks, finance_id, agent_name_id, person_id) FROM stdin;
54313	0	2015-11-01	166324.100000000006	\N	\N	1177	SCC622908	SCC604458
54320	6	2015-11-01	166324.100000000006	\N	\N	1177	SCC622908	SCC604458
54324	9	2015-11-01	166324.100000000006	\N	\N	1177	SCC622908	SCC604458
54331	17	2015-11-01	166324.100000000006	\N	\N	1177	SCC622908	SCC604458
54337	24	2015-11-01	166324.100000000006	\N	\N	1177	SCC622908	SCC604458
54314	1	2016-01-01	40367.3708333332979	\N	\N	1182	SCC622908	SCC604458
54319	6	2016-01-01	40367.3708333333343	\N	\N	1182	SCC622908	SCC604458
54326	13	2016-01-01	40367.3708333333343	\N	\N	1182	SCC622908	SCC604458
54332	18	2016-01-01	40367.3708333333343	\N	\N	1182	SCC622908	SCC604458
54336	22	2016-01-01	40367.3708333333343	\N	\N	1182	SCC622908	SCC604458
54341	28	2016-01-01	40367.3708333333343	\N	\N	1182	SCC622908	SCC604458
54344	30	2016-01-01	40367.3708333333343	\N	\N	1182	SCC622908	SCC604458
54349	35	2016-01-01	40367.3708333333343	\N	\N	1182	SCC622908	SCC604458
54355	42	2016-01-01	40367.3708333333343	\N	\N	1182	SCC622908	SCC604458
54359	46	2016-01-01	40367.3708333333343	\N	\N	1182	SCC622908	SCC604458
54364	50	2016-01-01	40367.3708333333343	\N	\N	1182	SCC622908	SCC604458
54367	54	2016-01-01	40367.3708333333343	\N	\N	1182	SCC622908	SCC604458
54371	58	2016-01-01	40367.3708333333343	\N	\N	1182	SCC622908	SCC604458
54375	62	2016-01-01	40367.3708333333343	\N	\N	1182	SCC622908	SCC604458
54379	66	2016-01-01	40367.3708333333343	\N	\N	1182	SCC622908	SCC604458
54383	70	2016-01-01	40367.3708333333343	\N	\N	1182	SCC622908	SCC604458
54387	73	2016-01-01	40367.3708333333343	\N	\N	1182	SCC622908	SCC604458
54390	77	2016-01-01	40367.3708333333343	\N	\N	1182	SCC622908	SCC604458
54393	80	2016-01-01	40367.3708333333343	\N	\N	1182	SCC622908	SCC604458
54397	84	2016-01-01	40367.3708333333343	\N	\N	1182	SCC622908	SCC604458
54401	88	2016-01-01	40367.3708333333343	\N	\N	1182	SCC622908	SCC604458
54404	91	2016-01-01	40367.3708333333343	\N	\N	1182	SCC622908	SCC604458
54409	95	2016-01-01	40367.3708333333343	\N	\N	1182	SCC622908	SCC604458
54413	100	2016-01-01	40367.3708333333343	\N	\N	1182	SCC622908	SCC604458
54315	1	2016-01-01	24521.7924999999996	\N	\N	1180	SCC671506	SCC094589
54321	8	2016-01-01	24521.7924999999996	\N	\N	1180	SCC671506	SCC094589
54327	13	2016-01-01	24521.7924999999996	\N	\N	1180	SCC671506	SCC094589
54333	20	2016-01-01	24521.7924999999996	\N	\N	1180	SCC671506	SCC094589
54339	24	2016-01-01	24521.7924999999996	\N	\N	1180	SCC671506	SCC094589
54342	29	2016-01-01	24521.7924999999996	\N	\N	1180	SCC671506	SCC094589
54346	33	2016-01-01	24521.7924999999996	\N	\N	1180	SCC671506	SCC094589
54351	37	2016-01-01	24521.7924999999996	\N	\N	1180	SCC671506	SCC094589
54354	41	2016-01-01	24521.7924999999996	\N	\N	1180	SCC671506	SCC094589
54356	43	2016-01-01	24521.7924999999996	\N	\N	1180	SCC671506	SCC094589
54360	47	2016-01-01	24521.7924999999996	\N	\N	1180	SCC671506	SCC094589
54363	50	2016-01-01	24521.7924999999996	\N	\N	1180	SCC671506	SCC094589
54368	55	2016-01-01	24521.7924999999996	\N	\N	1180	SCC671506	SCC094589
54373	59	2016-01-01	24521.7924999999996	\N	\N	1180	SCC671506	SCC094589
54378	63	2016-01-01	24521.7924999999996	\N	\N	1180	SCC671506	SCC094589
54380	67	2016-01-01	24521.7924999999996	\N	\N	1180	SCC671506	SCC094589
54384	71	2016-01-01	24521.7924999999996	\N	\N	1180	SCC671506	SCC094589
54389	75	2016-01-01	24521.7924999999996	\N	\N	1180	SCC671506	SCC094589
54392	79	2016-01-01	24521.7924999999996	\N	\N	1180	SCC671506	SCC094589
54396	83	2016-01-01	24521.7924999999996	\N	\N	1180	SCC671506	SCC094589
54400	87	2016-01-01	24521.7924999999996	\N	\N	1180	SCC671506	SCC094589
54405	91	2016-01-01	24521.7924999999996	\N	\N	1180	SCC671506	SCC094589
54408	95	2016-01-01	24521.7924999999996	\N	\N	1180	SCC671506	SCC094589
54412	99	2016-01-01	24521.7924999999996	\N	\N	1180	SCC671506	SCC094589
54316	2	2015-08-01	21421.7164583332997	\N	\N	1186	SCC637732	SCC781571
54323	8	2015-08-01	21421.7164583333324	\N	\N	1186	SCC637732	SCC781571
54329	15	2015-08-01	21421.7164583333324	\N	\N	1186	SCC637732	SCC781571
54334	21	2015-08-01	21421.7164583333324	\N	\N	1186	SCC637732	SCC781571
54338	24	2015-08-01	21421.7164583333324	\N	\N	1186	SCC637732	SCC781571
54345	30	2015-08-01	21421.7164583333324	\N	\N	1186	SCC637732	SCC781571
54348	35	2015-08-01	21421.7164583333324	\N	\N	1186	SCC637732	SCC781571
54352	39	2015-08-01	21421.7164583333324	\N	\N	1186	SCC637732	SCC781571
54357	43	2015-08-01	21421.7164583333324	\N	\N	1186	SCC637732	SCC781571
54362	49	2015-08-01	21421.7164583333324	\N	\N	1186	SCC637732	SCC781571
54366	53	2015-08-01	21421.7164583333324	\N	\N	1186	SCC637732	SCC781571
54370	57	2015-08-01	21421.7164583333324	\N	\N	1186	SCC637732	SCC781571
54374	61	2015-08-01	21421.7164583333324	\N	\N	1186	SCC637732	SCC781571
54376	63	2015-08-01	21421.7164583333324	\N	\N	1186	SCC637732	SCC781571
54382	68	2015-08-01	21421.7164583333324	\N	\N	1186	SCC637732	SCC781571
54385	72	2015-08-01	21421.7164583333324	\N	\N	1186	SCC637732	SCC781571
54391	78	2015-08-01	21421.7164583333324	\N	\N	1186	SCC637732	SCC781571
54395	80	2015-08-01	21421.7164583333324	\N	\N	1186	SCC637732	SCC781571
54399	85	2015-08-01	21421.7164583333324	\N	\N	1186	SCC637732	SCC781571
54402	89	2015-08-01	21421.7164583333324	\N	\N	1186	SCC637732	SCC781571
54406	93	2015-08-01	21421.7164583333324	\N	\N	1186	SCC637732	SCC781571
54410	97	2015-08-01	21421.7164583333324	\N	\N	1186	SCC637732	SCC781571
54414	100	2015-08-01	21421.7164583333324	\N	\N	1186	SCC637732	SCC781571
54416	103	2015-08-01	21421.7164583333324	\N	\N	1186	SCC637732	SCC781571
54418	105	2015-08-01	21421.7164583333324	\N	\N	1186	SCC637732	SCC781571
54420	107	2015-08-01	21421.7164583333324	\N	\N	1186	SCC637732	SCC781571
54422	109	2015-08-01	21421.7164583333324	\N	\N	1186	SCC637732	SCC781571
54424	111	2015-08-01	21421.7164583333324	\N	\N	1186	SCC637732	SCC781571
54426	113	2015-08-01	21421.7164583333324	\N	\N	1186	SCC637732	SCC781571
54428	115	2015-08-01	21421.7164583333324	\N	\N	1186	SCC637732	SCC781571
54430	117	2015-08-01	21421.7164583333324	\N	\N	1186	SCC637732	SCC781571
54432	119	2015-08-01	21421.7164583333324	\N	\N	1186	SCC637732	SCC781571
54434	121	2015-08-01	21421.7164583333324	\N	\N	1186	SCC637732	SCC781571
54436	123	2015-08-01	21421.7164583333324	\N	\N	1186	SCC637732	SCC781571
54438	125	2015-08-01	21421.7164583333324	\N	\N	1186	SCC637732	SCC781571
54440	127	2015-08-01	21421.7164583333324	\N	\N	1186	SCC637732	SCC781571
54442	129	2015-08-01	21421.7164583333324	\N	\N	1186	SCC637732	SCC781571
54444	131	2015-08-01	21421.7164583333324	\N	\N	1186	SCC637732	SCC781571
54446	133	2015-08-01	21421.7164583333324	\N	\N	1186	SCC637732	SCC781571
54448	135	2015-08-01	21421.7164583333324	\N	\N	1186	SCC637732	SCC781571
54450	137	2015-08-01	21421.7164583333324	\N	\N	1186	SCC637732	SCC781571
54452	139	2015-08-01	21421.7164583333324	\N	\N	1186	SCC637732	SCC781571
54454	141	2015-08-01	21421.7164583333324	\N	\N	1186	SCC637732	SCC781571
54456	143	2015-08-01	21421.7164583333324	\N	\N	1186	SCC637732	SCC781571
54458	145	2015-08-01	21421.7164583333324	\N	\N	1186	SCC637732	SCC781571
54460	147	2015-08-01	21421.7164583333324	\N	\N	1186	SCC637732	SCC781571
54462	149	2015-08-01	21421.7164583333324	\N	\N	1186	SCC637732	SCC781571
54464	151	2015-08-01	21421.7164583333324	\N	\N	1186	SCC637732	SCC781571
54317	4	2015-08-01	10832.2959523810005	\N	\N	1183	SCC582878	SCC883620
54325	11	2015-08-01	10832.2959523809513	\N	\N	1183	SCC582878	SCC883620
54330	17	2015-08-01	10832.2959523809513	\N	\N	1183	SCC582878	SCC883620
54335	22	2015-08-01	10832.2959523809513	\N	\N	1183	SCC582878	SCC883620
54340	27	2015-08-01	10832.2959523809513	\N	\N	1183	SCC582878	SCC883620
54343	30	2015-08-01	10832.2959523809513	\N	\N	1183	SCC582878	SCC883620
54347	34	2015-08-01	10832.2959523809513	\N	\N	1183	SCC582878	SCC883620
54350	37	2015-08-01	10832.2959523809513	\N	\N	1183	SCC582878	SCC883620
54353	40	2015-08-01	10832.2959523809513	\N	\N	1183	SCC582878	SCC883620
54358	45	2015-08-01	10832.2959523809513	\N	\N	1183	SCC582878	SCC883620
54361	47	2015-08-01	10832.2959523809513	\N	\N	1183	SCC582878	SCC883620
54365	50	2015-08-01	10832.2959523809513	\N	\N	1183	SCC582878	SCC883620
54369	54	2015-08-01	10832.2959523809513	\N	\N	1183	SCC582878	SCC883620
54372	59	2015-08-01	10832.2959523809513	\N	\N	1183	SCC582878	SCC883620
54377	63	2015-08-01	10832.2959523809513	\N	\N	1183	SCC582878	SCC883620
54381	67	2015-08-01	10832.2959523809513	\N	\N	1183	SCC582878	SCC883620
54386	71	2015-08-01	10832.2959523809513	\N	\N	1183	SCC582878	SCC883620
54388	75	2015-08-01	10832.2959523809513	\N	\N	1183	SCC582878	SCC883620
54394	80	2015-08-01	10832.2959523809513	\N	\N	1183	SCC582878	SCC883620
54398	85	2015-08-01	10832.2959523809513	\N	\N	1183	SCC582878	SCC883620
54403	89	2015-08-01	10832.2959523809513	\N	\N	1183	SCC582878	SCC883620
54407	94	2015-08-01	10832.2959523809513	\N	\N	1183	SCC582878	SCC883620
54411	98	2015-08-01	10832.2959523809513	\N	\N	1183	SCC582878	SCC883620
54415	102	2015-08-01	10832.2959523809513	\N	\N	1183	SCC582878	SCC883620
54417	104	2015-08-01	10832.2959523809513	\N	\N	1183	SCC582878	SCC883620
54419	106	2015-08-01	10832.2959523809513	\N	\N	1183	SCC582878	SCC883620
54421	108	2015-08-01	10832.2959523809513	\N	\N	1183	SCC582878	SCC883620
54423	110	2015-08-01	10832.2959523809513	\N	\N	1183	SCC582878	SCC883620
54425	112	2015-08-01	10832.2959523809513	\N	\N	1183	SCC582878	SCC883620
54427	114	2015-08-01	10832.2959523809513	\N	\N	1183	SCC582878	SCC883620
54429	116	2015-08-01	10832.2959523809513	\N	\N	1183	SCC582878	SCC883620
54431	118	2015-08-01	10832.2959523809513	\N	\N	1183	SCC582878	SCC883620
54433	120	2015-08-01	10832.2959523809513	\N	\N	1183	SCC582878	SCC883620
54435	122	2015-08-01	10832.2959523809513	\N	\N	1183	SCC582878	SCC883620
54437	124	2015-08-01	10832.2959523809513	\N	\N	1183	SCC582878	SCC883620
54439	126	2015-08-01	10832.2959523809513	\N	\N	1183	SCC582878	SCC883620
54441	128	2015-08-01	10832.2959523809513	\N	\N	1183	SCC582878	SCC883620
54443	130	2015-08-01	10832.2959523809513	\N	\N	1183	SCC582878	SCC883620
54445	132	2015-08-01	10832.2959523809513	\N	\N	1183	SCC582878	SCC883620
54447	134	2015-08-01	10832.2959523809513	\N	\N	1183	SCC582878	SCC883620
54449	136	2015-08-01	10832.2959523809513	\N	\N	1183	SCC582878	SCC883620
54451	138	2015-08-01	10832.2959523809513	\N	\N	1183	SCC582878	SCC883620
54453	140	2015-08-01	10832.2959523809513	\N	\N	1183	SCC582878	SCC883620
54455	142	2015-08-01	10832.2959523809513	\N	\N	1183	SCC582878	SCC883620
54457	144	2015-08-01	10832.2959523809513	\N	\N	1183	SCC582878	SCC883620
54459	146	2015-08-01	10832.2959523809513	\N	\N	1183	SCC582878	SCC883620
54461	148	2015-08-01	10832.2959523809513	\N	\N	1183	SCC582878	SCC883620
54463	150	2015-08-01	10832.2959523809513	\N	\N	1183	SCC582878	SCC883620
54465	152	2015-08-01	10832.2959523809513	\N	\N	1183	SCC582878	SCC883620
54466	153	2015-08-01	10832.2959523809513	\N	\N	1183	SCC582878	SCC883620
54467	154	2015-08-01	10832.2959523809513	\N	\N	1183	SCC582878	SCC883620
54468	155	2015-08-01	10832.2959523809513	\N	\N	1183	SCC582878	SCC883620
54469	156	2015-08-01	10832.2959523809513	\N	\N	1183	SCC582878	SCC883620
54470	157	2015-08-01	10832.2959523809513	\N	\N	1183	SCC582878	SCC883620
54471	158	2015-08-01	10832.2959523809513	\N	\N	1183	SCC582878	SCC883620
54472	159	2015-08-01	10832.2959523809513	\N	\N	1183	SCC582878	SCC883620
54473	160	2015-08-01	10832.2959523809513	\N	\N	1183	SCC582878	SCC883620
54474	161	2015-08-01	10832.2959523809513	\N	\N	1183	SCC582878	SCC883620
54475	162	2015-08-01	10832.2959523809513	\N	\N	1183	SCC582878	SCC883620
54476	163	2015-08-01	10832.2959523809513	\N	\N	1183	SCC582878	SCC883620
54477	164	2015-08-01	10832.2959523809513	\N	\N	1183	SCC582878	SCC883620
54478	165	2015-08-01	10832.2959523809513	\N	\N	1183	SCC582878	SCC883620
54479	166	2015-08-01	10832.2959523809513	\N	\N	1183	SCC582878	SCC883620
54480	167	2015-08-01	10832.2959523809513	\N	\N	1183	SCC582878	SCC883620
54481	168	2015-08-01	10832.2959523809513	\N	\N	1183	SCC582878	SCC883620
54482	169	2015-08-01	10832.2959523809513	\N	\N	1183	SCC582878	SCC883620
54483	170	2015-08-01	10832.2959523809513	\N	\N	1183	SCC582878	SCC883620
54484	171	2015-08-01	10832.2959523809513	\N	\N	1183	SCC582878	SCC883620
54485	172	2015-08-01	10832.2959523809513	\N	\N	1183	SCC582878	SCC883620
54486	173	2015-08-01	10832.2959523809513	\N	\N	1183	SCC582878	SCC883620
54487	174	2015-08-01	10832.2959523809513	\N	\N	1183	SCC582878	SCC883620
54488	175	2015-08-01	10832.2959523809513	\N	\N	1183	SCC582878	SCC883620
54489	176	2015-08-01	10832.2959523809513	\N	\N	1183	SCC582878	SCC883620
54490	177	2015-08-01	10832.2959523809513	\N	\N	1183	SCC582878	SCC883620
54491	178	2015-08-01	10832.2959523809513	\N	\N	1183	SCC582878	SCC883620
54492	179	2015-08-01	10832.2959523809513	\N	\N	1183	SCC582878	SCC883620
54493	180	2015-08-01	10832.2959523809513	\N	\N	1183	SCC582878	SCC883620
54494	181	2015-08-01	10832.2959523809513	\N	\N	1183	SCC582878	SCC883620
54495	182	2015-08-01	10832.2959523809513	\N	\N	1183	SCC582878	SCC883620
54496	183	2015-08-01	10832.2959523809513	\N	\N	1183	SCC582878	SCC883620
54497	184	2015-08-01	10832.2959523809513	\N	\N	1183	SCC582878	SCC883620
54498	185	2015-08-01	10832.2959523809513	\N	\N	1183	SCC582878	SCC883620
54499	186	2015-08-01	10832.2959523809513	\N	\N	1183	SCC582878	SCC883620
54500	187	2015-08-01	10832.2959523809513	\N	\N	1183	SCC582878	SCC883620
54318	4	2015-11-01	208744.613333332993	\N	\N	1184	SCC582878	SCC883620
54322	9	2015-11-01	208744.613333333313	\N	\N	1184	SCC582878	SCC883620
54328	15	2015-11-01	208744.613333333313	\N	\N	1184	SCC582878	SCC883620
\.


--
-- Data for Name: employee_contra_voucher; Type: TABLE DATA; Schema: public; Owner: vaqas
--

COPY public.employee_contra_voucher (voucher_number, date, voucher_type, serial_number, particulars, amount, currency_detail, cheque_number, cheque_date, remarks, bank_id, branch_id, head_id) FROM stdin;
\.


--
-- Data for Name: employee_country_choice; Type: TABLE DATA; Schema: public; Owner: vaqas
--

COPY public.employee_country_choice (id, country_choice) FROM stdin;
32	INDIA
\.


--
-- Data for Name: employee_depositchoice; Type: TABLE DATA; Schema: public; Owner: vaqas
--

COPY public.employee_depositchoice (id, name, emi_type, amount) FROM stdin;
94	FD	one time	0
95	RD	months	61100
96	CA	days	140300
\.


--
-- Data for Name: employee_deposits_table; Type: TABLE DATA; Schema: public; Owner: vaqas
--

COPY public.employee_deposits_table (id, society_account_number, client_bank_account_number, ifsc_code, account_opening_date, account_opening_amount, interest_collected, balance, maturity_date, maturity_amount, counter_number, remarks, category_id, client_bank_id, scheme_id, agent_name_id, person_id, maturity_interest, status) FROM stdin;
428	19200406337	GB18FNUD97426158765915	IFSC	2015-07-01	214911	17192.8800000000119	214911	2016-07-01	232103.880000000005	93	\N	94	\N	98	SCC582878	SCC887645	17192.8800000000119	ACTIVE
429	19200406833	GB03VSEH05443184713091	IFSC	2015-09-01	518389	41471.1200000000317	518389	2016-09-01	559860.119999999995	45	\N	94	\N	98	SCC282076	SCC713593	41471.1200000000317	ACTIVE
432	19200406155	GB36MABO62880186741429	IFSC	2015-05-01	577403	46192.2400000000343	577403	2016-05-01	623595.239999999991	66	\N	94	\N	98	SCC549940	SCC883620	46192.2400000000343	ACTIVE
434	19200406271	GB32IYYR42558945264024	IFSC	2015-10-01	515032	41202.5600000000268	515032	2016-10-01	556234.560000000056	64	\N	94	\N	98	SCC720950	SCC713593	41202.5600000000268	ACTIVE
431	19200406475	GB38ZEWO92013761714961	IFSC	2015-07-01	126714	15226.5096986301705	126714	2016-07-01	134316.840000000026	61	\N	95	\N	99	SCC693006	SCC385096	7602.84000000001834	ACTIVE
435	19200406291	GB93VJQW51688275894168	IFSC	2015-08-01	796352	110747.472657533843	796352	\N	0	83	\N	96	\N	97	SCC693006	SCC646593	0	ACTIVE
433	19200406430	GB85UYHJ46028666791679	IFSC	2015-09-01	486598	85187.9786301371932	486598	2016-09-01	515793.880000000063	51	\N	95	\N	99	SCC622908	SCC094589	29195.8800000000701	ACTIVE
436	19200406132	GB34CTBL38842057246021	IFSC	2015-09-01	650140	41965.2010958902611	650140	\N	0	7	\N	96	\N	97	SCC435823	SCC572698	0	ACTIVE
427	19200406879	GB34PACV41415881793907	IFSC	2015-05-01	713796	93008.5966027393879	713796	\N	0	94	\N	96	\N	97	SCC582878	SCC781571	0	ACTIVE
430	19200406277	GB52HTAF46872931977682	IFSC	2015-11-01	526256	17359.2390136985632	526256	\N	0	85	\N	96	\N	97	SCC693006	SCC646593	0	ACTIVE
\.


--
-- Data for Name: employee_district_choice; Type: TABLE DATA; Schema: public; Owner: vaqas
--

COPY public.employee_district_choice (id, district_choice) FROM stdin;
32	LALSOT
\.


--
-- Data for Name: employee_documents; Type: TABLE DATA; Schema: public; Owner: vaqas
--

COPY public.employee_documents (id, name, status, "Submit_date", remarks, cli_id) FROM stdin;
\.


--
-- Data for Name: employee_emp_payments; Type: TABLE DATA; Schema: public; Owner: vaqas
--

COPY public.employee_emp_payments (id, name, "TYPE", amount, cash_col_id) FROM stdin;
8	stationary	Expense	300	1696
\.


--
-- Data for Name: employee_employee_interview; Type: TABLE DATA; Schema: public; Owner: vaqas
--

COPY public.employee_employee_interview (basic_details_ptr_id, interview_date, joined, referal_mobile_number_1, referal_mobile_number_2, referal_address, finance_coll, deposit_coll, referal_photograph, referal_signature, upload_id_1, upload_id_2, upload_bank_passbook, upload_cheque, upload_stamp_paper, referal_id, account_nominee_contact, account_nominee_name) FROM stdin;
SCC549940	2020-04-06	t	\N	\N	\N	0	0	users/images/default.jpg	users/images/default.jpg	users/images/default.jpg	users/images/default.jpg	users/images/default.jpg	users/images/default.jpg	users/images/default.jpg	\N	\N	\N
SCC776236	2020-04-06	t	\N	\N	\N	0	0	users/images/default.jpg	users/images/default.jpg	users/images/default.jpg	users/images/default.jpg	users/images/default.jpg	users/images/default.jpg	users/images/default.jpg	\N	\N	\N
SCC637732	2020-04-06	t	\N	\N	\N	1028242	0	users/images/default.jpg	users/images/default.jpg	users/images/default.jpg	users/images/default.jpg	users/images/default.jpg	users/images/default.jpg	users/images/default.jpg	\N	\N	\N
SCC720950	2020-04-06	t	\N	\N	\N	0	0	users/images/default.jpg	users/images/default.jpg	users/images/default.jpg	users/images/default.jpg	users/images/default.jpg	users/images/default.jpg	users/images/default.jpg	\N	\N	\N
SCC282076	2020-04-06	t	\N	\N	\N	0	0	users/images/default.jpg	users/images/default.jpg	users/images/default.jpg	users/images/default.jpg	users/images/default.jpg	users/images/default.jpg	users/images/default.jpg	\N	\N	\N
SCC693006	2020-04-06	t	\N	\N	\N	0	58100	users/images/default.jpg	users/images/default.jpg	users/images/default.jpg	users/images/default.jpg	users/images/default.jpg	users/images/default.jpg	users/images/default.jpg	\N	\N	\N
SCC671506	2020-04-06	t	\N	\N	\N	588523	0	users/images/default.jpg	users/images/default.jpg	users/images/default.jpg	users/images/default.jpg	users/images/default.jpg	users/images/default.jpg	users/images/default.jpg	\N	\N	\N
SCC622908	2020-04-06	t	\N	\N	\N	968816	42900	users/images/default.jpg	users/images/default.jpg	users/images/default.jpg	users/images/default.jpg	users/images/default.jpg	users/images/default.jpg	users/images/default.jpg	\N	\N	\N
SCC435823	2020-04-06	t	\N	\N	\N	0	33700	users/images/default.jpg	users/images/default.jpg	users/images/default.jpg	users/images/default.jpg	users/images/default.jpg	users/images/default.jpg	users/images/default.jpg	\N	\N	\N
SCC582878	2020-04-06	t	\N	\N	\N	909912	46700	users/images/default.jpg	users/images/default.jpg	users/images/default.jpg	users/images/default.jpg	users/images/default.jpg	users/images/default.jpg	users/images/default.jpg	\N	\N	\N
\.


--
-- Data for Name: employee_employee_joining; Type: TABLE DATA; Schema: public; Owner: vaqas
--

COPY public.employee_employee_joining (id, joining_date, salary, bonus, deduction, total, employee_id, designation) FROM stdin;
2044	2020-04-06	20000	0	0	20000	SCC549940	\N
2045	2020-04-06	20000	0	0	20000	SCC776236	\N
2046	2020-04-06	20000	0	0	20000	SCC671506	\N
2047	2020-04-06	20000	0	0	20000	SCC637732	\N
2048	2020-04-06	20000	0	0	20000	SCC693006	\N
2049	2020-04-06	20000	0	0	20000	SCC720950	\N
2050	2020-04-06	20000	0	0	20000	SCC582878	\N
2051	2020-04-06	20000	0	0	20000	SCC435823	\N
2052	2020-04-06	20000	0	0	20000	SCC622908	\N
2053	2020-04-06	20000	0	0	20000	SCC282076	\N
\.


--
-- Data for Name: employee_finance_table; Type: TABLE DATA; Schema: public; Owner: vaqas
--

COPY public.employee_finance_table (id, loan_account_number, demanded_amount, loan_duration, duration_type, emi_type, applied_date, stamp_photograph, cheque_photograph, category, approved, expected_date, expected_amount, remarks, loan_type_id, agent_name_id, person_id, gaurantor_id) FROM stdin;
1189	26200406791	952798	2	years	Monthly	2015-11-01	users/images/default.jpg	users/images/default.jpg	Loan	t	2015-12-01	922798	\N	63	SCC622908	SCC604458	\N
1185	26200406850	244973	7	months	OneTime	2015-09-01	users/images/default.jpg	users/images/default.jpg	Loan	t	2015-10-01	214973	\N	63	SCC622908	SCC604458	\N
1186	26200406508	597974	7	months	OneTime	2015-06-01	users/images/default.jpg	users/images/default.jpg	Loan	t	2015-07-01	567974	\N	63	SCC671506	SCC094589	\N
1188	26200406278	815663	5	years	OneTime	2015-07-01	users/images/default.jpg	users/images/default.jpg	Loan	t	2015-08-01	785663	\N	63	SCC582878	SCC883620	\N
1191	26200406683	615412	11	months	Quaterly	2015-07-01	users/images/default.jpg	users/images/default.jpg	Loan	t	2015-08-01	585412	\N	63	SCC582878	SCC883620	\N
1192	26200406266	542588	5	years	OneTime	2015-08-01	users/images/default.jpg	users/images/default.jpg	Loan	t	2015-09-01	512588	\N	64	SCC776236	SCC860725	\N
1184	26200406684	766350	15	months	Quaterly	2015-07-01	users/images/default.jpg	users/images/default.jpg	Loan	t	2015-08-01	736350	\N	64	SCC622908	SCC604458	\N
1193	26200406194	973771	4	years	Monthly	2015-06-01	users/images/default.jpg	users/images/default.jpg	Loan	t	2015-07-01	943771	\N	64	SCC637732	SCC781571	\N
1190	26200406943	864954	7	years	Monthly	2015-06-01	users/images/default.jpg	users/images/default.jpg	Loan	t	2015-07-01	834954	\N	64	SCC582878	SCC883620	\N
1187	26200406847	551054	6	years	Quaterly	2015-09-01	users/images/default.jpg	users/images/default.jpg	Loan	t	2015-10-01	521054	\N	63	SCC671506	SCC094589	\N
\.


--
-- Data for Name: employee_financechoice; Type: TABLE DATA; Schema: public; Owner: vaqas
--

COPY public.employee_financechoice (id, name, amount) FROM stdin;
64	Home Loan	2383451.82113078097
63	Personal	2143206.38916661311
\.


--
-- Data for Name: employee_gaurantor; Type: TABLE DATA; Schema: public; Owner: vaqas
--

COPY public.employee_gaurantor (id, name, address, photograph, "ID_documents", no_finance, expected_amount, contact) FROM stdin;
1	Shyam Sunder Mathur	j/99, ashok chowk	users/images/default.jpg	docs/Screen_Recording_2020-03-28_at_8.10.52_PM.mov	3	2000	8094011162
\.


--
-- Data for Name: employee_head; Type: TABLE DATA; Schema: public; Owner: vaqas
--

COPY public.employee_head (id, value) FROM stdin;
\.


--
-- Data for Name: employee_id_proof; Type: TABLE DATA; Schema: public; Owner: vaqas
--

COPY public.employee_id_proof (id, id_number, id_photograph1, id_photograph2, id_photograph3, id_photograph4, id_type_id) FROM stdin;
4349	\N	users/images/default.jpg	users/images/default.jpg	users/images/default.jpg	users/images/default.jpg	\N
4350	\N	users/images/default.jpg	users/images/default.jpg	users/images/default.jpg	users/images/default.jpg	\N
4351	\N	users/images/default.jpg	users/images/default.jpg	users/images/default.jpg	users/images/default.jpg	\N
4352	\N	users/images/default.jpg	users/images/default.jpg	users/images/default.jpg	users/images/default.jpg	\N
4353	\N	users/images/default.jpg	users/images/default.jpg	users/images/default.jpg	users/images/default.jpg	\N
4354	\N	users/images/default.jpg	users/images/default.jpg	users/images/default.jpg	users/images/default.jpg	\N
4355	\N	users/images/default.jpg	users/images/default.jpg	users/images/default.jpg	users/images/default.jpg	\N
4356	\N	users/images/default.jpg	users/images/default.jpg	users/images/default.jpg	users/images/default.jpg	\N
4357	\N	users/images/default.jpg	users/images/default.jpg	users/images/default.jpg	users/images/default.jpg	\N
4358	\N	users/images/default.jpg	users/images/default.jpg	users/images/default.jpg	users/images/default.jpg	\N
4359	\N	users/images/default.jpg	users/images/default.jpg	users/images/default.jpg	users/images/default.jpg	\N
4360	\N	users/images/default.jpg	users/images/default.jpg	users/images/default.jpg	users/images/default.jpg	\N
4361	\N	users/images/default.jpg	users/images/default.jpg	users/images/default.jpg	users/images/default.jpg	\N
4362	\N	users/images/default.jpg	users/images/default.jpg	users/images/default.jpg	users/images/default.jpg	\N
4363	\N	users/images/default.jpg	users/images/default.jpg	users/images/default.jpg	users/images/default.jpg	\N
4364	\N	users/images/default.jpg	users/images/default.jpg	users/images/default.jpg	users/images/default.jpg	\N
4365	\N	users/images/default.jpg	users/images/default.jpg	users/images/default.jpg	users/images/default.jpg	\N
4366	\N	users/images/default.jpg	users/images/default.jpg	users/images/default.jpg	users/images/default.jpg	\N
4367	\N	users/images/default.jpg	users/images/default.jpg	users/images/default.jpg	users/images/default.jpg	\N
4368	\N	users/images/default.jpg	users/images/default.jpg	users/images/default.jpg	users/images/default.jpg	\N
4370	\N	users/images/default.jpg	users/images/default.jpg	users/images/default.jpg	users/images/default.jpg	Adhaar
\.


--
-- Data for Name: employee_id_type_choice; Type: TABLE DATA; Schema: public; Owner: vaqas
--

COPY public.employee_id_type_choice (id, id_type_choice) FROM stdin;
33	Adhaar
\.


--
-- Data for Name: employee_journal_voucher; Type: TABLE DATA; Schema: public; Owner: vaqas
--

COPY public.employee_journal_voucher (voucher_number, date, voucher_type, serial_number, particulars, amount, currency_detail, head_id, major_head_id, sub_head_id) FROM stdin;
\.


--
-- Data for Name: employee_major_head; Type: TABLE DATA; Schema: public; Owner: vaqas
--

COPY public.employee_major_head (id, value) FROM stdin;
\.


--
-- Data for Name: employee_payment_voucher; Type: TABLE DATA; Schema: public; Owner: vaqas
--

COPY public.employee_payment_voucher (voucher_number, date, voucher_type, serial_number, particulars, amount, currency_detail, cheque_number, cheque_date, remarks, bank_id, branch_id, head_id, major_head_id, sub_head_id) FROM stdin;
\.


--
-- Data for Name: employee_relation_choice; Type: TABLE DATA; Schema: public; Owner: vaqas
--

COPY public.employee_relation_choice (id, relation_choice) FROM stdin;
1	asd
2	sister
3	brother
\.


--
-- Data for Name: employee_scheme; Type: TABLE DATA; Schema: public; Owner: vaqas
--

COPY public.employee_scheme (id, name, duration, duration_type, interest_rate, per_day_roi) FROM stdin;
97	CA fast	\N	years	4	0.000109589041095890414
98	FD fast	1	years	8	0.000219178082191780828
99	RD fast	1	years	6	0.000164383561643835621
\.


--
-- Data for Name: employee_state_choice; Type: TABLE DATA; Schema: public; Owner: vaqas
--

COPY public.employee_state_choice (id, state_choice) FROM stdin;
32	RAJASTHAN
\.


--
-- Data for Name: employee_sub_head; Type: TABLE DATA; Schema: public; Owner: vaqas
--

COPY public.employee_sub_head (id, value) FROM stdin;
\.


--
-- Data for Name: employee_uploaddocs; Type: TABLE DATA; Schema: public; Owner: vaqas
--

COPY public.employee_uploaddocs (id, id_num, doc, "TYPE", date) FROM stdin;
1	SCC993398	docs/Strings.ipynb	Loan NOC	2020-03-23
2	SCC618537	docs/Screenshot_2020-03-27_at_12.02.25_PM.png	Cash Collection	2020-03-27
3	2620032821	docs/2620032821.pdf	Loan NOC	2020-03-28
4	SCC257999	docs/1.pdf	Cash Collection	2020-03-28
5	SCC257999	docs/1_7Plhr3V.pdf	Cash Collection	2020-03-28
\.


--
-- Data for Name: employee_voucher; Type: TABLE DATA; Schema: public; Owner: vaqas
--

COPY public.employee_voucher (voucher_number, date, transact_type, voucher_type, amount, remarks, n_10, n_100, n_20, n_200, n_2000, n_50, n_500, curr_bank, curr_cash, title, updated_bank, updated_cash, head, sub_head) FROM stdin;
3664	2015-05-30	Cr	Journal	500		0	0	0	0	0	0	0	0	0	Credit from Jason	0	500	Employee Collection : Jason	
3665	2015-05-30	Dr	Payment	270		0	0	0	0	0	0	0	0	500	Credit To Jason	0	230	Employee Expense : Jason	
3666	2015-06-28	Cr	Journal	1600		0	0	0	0	0	0	0	0	230	Credit from Jason	0	1830	Employee Collection : Jason	
3667	2015-06-28	Dr	Payment	455		0	0	0	0	0	0	0	0	1830	Credit To Jason	0	1375	Employee Expense : Jason	
3668	2015-07-27	Cr	Journal	1900		0	0	0	0	0	0	0	0	1375	Credit from Jason	0	3275	Employee Collection : Jason	
3669	2015-07-27	Dr	Payment	578		0	0	0	0	0	0	0	0	3275	Credit To Jason	0	2697	Employee Expense : Jason	
3670	2015-08-01	Cr	Journal	1028242.39000000001		0	0	0	0	0	0	0	0	2697	Credit from Tonya	0	1030939.39000000001	Employee Collection : Tonya	
3671	2015-08-01	Dr	Payment	799		0	0	0	0	0	0	0	0	1030939.39000000001	Credit To Tonya	0	1030140.39000000001	Employee Expense : Tonya	
3672	2015-08-01	Cr	Journal	600		0	0	0	0	0	0	0	0	1030140.39000000001	Credit from Sheila	0	1030740.39000000001	Employee Collection : Sheila	
3673	2015-08-01	Dr	Payment	581		0	0	0	0	0	0	0	0	1030740.39000000001	Credit To Sheila	0	1030159.39000000001	Employee Expense : Sheila	
3674	2015-08-01	Cr	Journal	909912.860000003013		0	0	0	0	0	0	0	0	1030159.39000000001	Credit from Jason	0	1940072.25000000303	Employee Collection : Jason	
3675	2015-08-01	Dr	Payment	358		0	0	0	0	0	0	0	0	1940072.25	Credit To Jason	0	1939714.25	Employee Expense : Jason	
3676	2015-08-25	Cr	Journal	1300		0	0	0	0	0	0	0	0	1939714.25	Credit from Jason	0	1941014.25	Employee Collection : Jason	
3677	2015-08-25	Dr	Payment	470		0	0	0	0	0	0	0	0	1941014.25	Credit To Jason	0	1940544.25	Employee Expense : Jason	
3678	2015-08-28	Cr	Journal	500		0	0	0	0	0	0	0	0	1940544.25	Credit from Sheila	0	1941044.25	Employee Collection : Sheila	
3679	2015-08-28	Dr	Payment	666		0	0	0	0	0	0	0	0	1941044.25	Credit To Sheila	0	1940378.25	Employee Expense : Sheila	
3680	2015-09-01	Cr	Journal	1700		0	0	0	0	0	0	0	0	1940378.25	Credit from Sheila	0	1942078.25	Employee Collection : Sheila	
3681	2015-09-01	Dr	Payment	513		0	0	0	0	0	0	0	0	1942078.25	Credit To Sheila	0	1941565.25	Employee Expense : Sheila	
3682	2015-09-20	Cr	Journal	600		0	0	0	0	0	0	0	0	1941565.25	Credit from John	0	1942165.25	Employee Collection : John	
3683	2015-09-20	Dr	Payment	963		0	0	0	0	0	0	0	0	1942165.25	Credit To John	0	1941202.25	Employee Expense : John	
3684	2015-09-23	Cr	Journal	1000		0	0	0	0	0	0	0	0	1941202.25	Credit from Jason	0	1942202.25	Employee Collection : Jason	
3685	2015-09-23	Dr	Payment	150		0	0	0	0	0	0	0	0	1942202.25	Credit To Jason	0	1942052.25	Employee Expense : Jason	
3686	2015-09-24	Cr	Journal	700		0	0	0	0	0	0	0	0	1942052.25	Credit from Sheila	0	1942752.25	Employee Collection : Sheila	
3687	2015-09-24	Dr	Payment	251		0	0	0	0	0	0	0	0	1942752.25	Credit To Sheila	0	1942501.25	Employee Expense : Sheila	
3688	2015-10-01	Cr	Journal	1600		0	0	0	0	0	0	0	0	1942501.25	Credit from Sheila	0	1944101.25	Employee Collection : Sheila	
3689	2015-10-01	Dr	Payment	735		0	0	0	0	0	0	0	0	1944101.25	Credit To Sheila	0	1943366.25	Employee Expense : Sheila	
3690	2015-10-01	Cr	Journal	1600		0	0	0	0	0	0	0	0	1943366.25	Credit from Amy	0	1944966.25	Employee Collection : Amy	
3691	2015-10-01	Dr	Payment	704		0	0	0	0	0	0	0	0	1944966.25	Credit To Amy	0	1944262.25	Employee Expense : Amy	
3692	2015-10-09	Cr	Journal	700		0	0	0	0	0	0	0	0	1944262.25	Credit from John	0	1944962.25	Employee Collection : John	
3693	2015-10-09	Dr	Payment	676		0	0	0	0	0	0	0	0	1944962.25	Credit To John	0	1944286.25	Employee Expense : John	
3694	2015-10-21	Cr	Journal	1600		0	0	0	0	0	0	0	0	1944286.25	Credit from Sheila	0	1945886.25	Employee Collection : Sheila	
3695	2015-10-21	Dr	Payment	260		0	0	0	0	0	0	0	0	1945886.25	Credit To Sheila	0	1945626.25	Employee Expense : Sheila	
3696	2015-10-22	Cr	Journal	900		0	0	0	0	0	0	0	0	1945626.25	Credit from Jason	0	1946526.25	Employee Collection : Jason	
3697	2015-10-22	Dr	Payment	211		0	0	0	0	0	0	0	0	1946526.25	Credit To Jason	0	1946315.25	Employee Expense : Jason	
3698	2015-10-28	Cr	Journal	700		0	0	0	0	0	0	0	0	1946315.25	Credit from John	0	1947015.25	Employee Collection : John	
3699	2015-10-28	Dr	Payment	779		0	0	0	0	0	0	0	0	1947015.25	Credit To John	0	1946236.25	Employee Expense : John	
3700	2015-11-01	Cr	Journal	832120.5		0	0	0	0	0	0	0	0	1946236.25	Credit from Amy	0	2778356.75	Employee Collection : Amy	
3701	2015-11-01	Dr	Payment	541		0	0	0	0	0	0	0	0	2778356.75	Credit To Amy	0	2777815.75	Employee Expense : Amy	
3702	2015-11-01	Cr	Journal	800		0	0	0	0	0	0	0	0	2777815.75	Credit from Sheila	0	2778615.75	Employee Collection : Sheila	
3703	2015-11-01	Dr	Payment	932		0	0	0	0	0	0	0	0	2778615.75	Credit To Sheila	0	2777683.75	Employee Expense : Sheila	
3704	2015-11-01	Cr	Journal	626233.839999999036		0	0	0	0	0	0	0	0	2777683.75	Credit from Jason	0	3403917.58999999892	Employee Collection : Jason	
3705	2015-11-01	Dr	Payment	974		0	0	0	0	0	0	0	0	3403917.58999999985	Credit To Jason	0	3402943.58999999985	Employee Expense : Jason	
3706	2015-11-08	Cr	Journal	1100		0	0	0	0	0	0	0	0	3402943.58999999985	Credit from Sheila	0	3404043.58999999985	Employee Collection : Sheila	
3707	2015-11-08	Dr	Payment	590		0	0	0	0	0	0	0	0	3404043.58999999985	Credit To Sheila	0	3403453.58999999985	Employee Expense : Sheila	
3708	2015-11-15	Cr	Journal	700		0	0	0	0	0	0	0	0	3403453.58999999985	Credit from Sheila	0	3404153.58999999985	Employee Collection : Sheila	
3709	2015-11-15	Dr	Payment	163		0	0	0	0	0	0	0	0	3404153.58999999985	Credit To Sheila	0	3403990.58999999985	Employee Expense : Sheila	
3710	2015-11-16	Cr	Journal	1200		0	0	0	0	0	0	0	0	3403990.58999999985	Credit from John	0	3405190.58999999985	Employee Collection : John	
3711	2015-11-16	Dr	Payment	79		0	0	0	0	0	0	0	0	3405190.58999999985	Credit To John	0	3405111.58999999985	Employee Expense : John	
3712	2015-11-17	Cr	Journal	1800		0	0	0	0	0	0	0	0	3405111.58999999985	Credit from Sheila	0	3406911.58999999985	Employee Collection : Sheila	
3713	2015-11-17	Dr	Payment	930		0	0	0	0	0	0	0	0	3406911.58999999985	Credit To Sheila	0	3405981.58999999985	Employee Expense : Sheila	
3714	2015-11-20	Cr	Journal	700		0	0	0	0	0	0	0	0	3405981.58999999985	Credit from Jason	0	3406681.58999999985	Employee Collection : Jason	
3715	2015-11-20	Dr	Payment	509		0	0	0	0	0	0	0	0	3406681.58999999985	Credit To Jason	0	3406172.58999999985	Employee Expense : Jason	
3716	2015-11-22	Cr	Journal	1700		0	0	0	0	0	0	0	0	3406172.58999999985	Credit from Sheila	0	3407872.58999999985	Employee Collection : Sheila	
3717	2015-11-22	Dr	Payment	824		0	0	0	0	0	0	0	0	3407872.58999999985	Credit To Sheila	0	3407048.58999999985	Employee Expense : Sheila	
3718	2015-11-29	Cr	Journal	800		0	0	0	0	0	0	0	0	3407048.58999999985	Credit from Sheila	0	3407848.58999999985	Employee Collection : Sheila	
3719	2015-11-29	Dr	Payment	112		0	0	0	0	0	0	0	0	3407848.58999999985	Credit To Sheila	0	3407736.58999999985	Employee Expense : Sheila	
3720	2015-12-01	Cr	Journal	900		0	0	0	0	0	0	0	0	3407736.58999999985	Credit from Amy	0	3408636.58999999985	Employee Collection : Amy	
3721	2015-12-01	Dr	Payment	495		0	0	0	0	0	0	0	0	3408636.58999999985	Credit To Amy	0	3408141.58999999985	Employee Expense : Amy	
3722	2015-12-01	Cr	Journal	1900		0	0	0	0	0	0	0	0	3408141.58999999985	Credit from Sheila	0	3410041.58999999985	Employee Collection : Sheila	
3723	2015-12-01	Dr	Payment	925		0	0	0	0	0	0	0	0	3410041.58999999985	Credit To Sheila	0	3409116.58999999985	Employee Expense : Sheila	
3724	2015-12-05	Cr	Journal	800		0	0	0	0	0	0	0	0	3409116.58999999985	Credit from John	0	3409916.58999999985	Employee Collection : John	
3725	2015-12-05	Dr	Payment	920		0	0	0	0	0	0	0	0	3409916.58999999985	Credit To John	0	3408996.58999999985	Employee Expense : John	
3726	2015-12-06	Cr	Journal	1000		0	0	0	0	0	0	0	0	3408996.58999999985	Credit from Sheila	0	3409996.58999999985	Employee Collection : Sheila	
3727	2015-12-06	Dr	Payment	822		0	0	0	0	0	0	0	0	3409996.58999999985	Credit To Sheila	0	3409174.58999999985	Employee Expense : Sheila	
3728	2015-12-13	Cr	Journal	1400		0	0	0	0	0	0	0	0	3409174.58999999985	Credit from Sheila	0	3410574.58999999985	Employee Collection : Sheila	
3729	2015-12-13	Dr	Payment	577		0	0	0	0	0	0	0	0	3410574.58999999985	Credit To Sheila	0	3409997.58999999985	Employee Expense : Sheila	
3730	2015-12-14	Cr	Journal	1000		0	0	0	0	0	0	0	0	3409997.58999999985	Credit from Sheila	0	3410997.58999999985	Employee Collection : Sheila	
3731	2015-12-14	Dr	Payment	593		0	0	0	0	0	0	0	0	3410997.58999999985	Credit To Sheila	0	3410404.58999999985	Employee Expense : Sheila	
3732	2015-12-19	Cr	Journal	1100		0	0	0	0	0	0	0	0	3410404.58999999985	Credit from Jason	0	3411504.58999999985	Employee Collection : Jason	
3733	2015-12-19	Dr	Payment	939		0	0	0	0	0	0	0	0	3411504.58999999985	Credit To Jason	0	3410565.58999999985	Employee Expense : Jason	
3734	2015-12-20	Cr	Journal	500		0	0	0	0	0	0	0	0	3410565.58999999985	Credit from Sheila	0	3411065.58999999985	Employee Collection : Sheila	
3735	2015-12-20	Dr	Payment	615		0	0	0	0	0	0	0	0	3411065.58999999985	Credit To Sheila	0	3410450.58999999985	Employee Expense : Sheila	
3736	2015-12-24	Cr	Journal	1600		0	0	0	0	0	0	0	0	3410450.58999999985	Credit from John	0	3412050.58999999985	Employee Collection : John	
3737	2015-12-24	Dr	Payment	700		0	0	0	0	0	0	0	0	3412050.58999999985	Credit To John	0	3411350.58999999985	Employee Expense : John	
3738	2015-12-27	Cr	Journal	800		0	0	0	0	0	0	0	0	3411350.58999999985	Credit from Sheila	0	3412150.58999999985	Employee Collection : Sheila	
3739	2015-12-27	Dr	Payment	810		0	0	0	0	0	0	0	0	3412150.58999999985	Credit To Sheila	0	3411340.58999999985	Employee Expense : Sheila	
3740	2016-01-01	Cr	Journal	1400		0	0	0	0	0	0	0	0	3411340.58999999985	Credit from Sheila	0	3412740.58999999985	Employee Collection : Sheila	
3741	2016-01-01	Dr	Payment	317		0	0	0	0	0	0	0	0	3412740.58999999985	Credit To Sheila	0	3412423.58999999985	Employee Expense : Sheila	
3742	2016-01-01	Cr	Journal	969416.900000000023		0	0	0	0	0	0	0	0	3412423.58999999985	Credit from Amy	0	4381840.49000000022	Employee Collection : Amy	
3743	2016-01-01	Dr	Payment	594		0	0	0	0	0	0	0	0	4381840.49000000022	Credit To Amy	0	4381246.49000000022	Employee Expense : Amy	
3744	2016-01-01	Cr	Journal	588523.020000000019		0	0	0	0	0	0	0	0	4381246.49000000022	Credit from Jason	0	4969769.50999999978	Employee Collection : Jason	
3745	2016-01-01	Dr	Payment	447		0	0	0	0	0	0	0	0	4969769.50999999978	Credit To Jason	0	4969322.50999999978	Employee Expense : Jason	
3746	2016-01-03	Cr	Journal	1100		0	0	0	0	0	0	0	0	4969322.50999999978	Credit from Sheila	0	4970422.50999999978	Employee Collection : Sheila	
3747	2016-01-03	Dr	Payment	595		0	0	0	0	0	0	0	0	4970422.50999999978	Credit To Sheila	0	4969827.50999999978	Employee Expense : Sheila	
3748	2016-01-10	Cr	Journal	3500		0	0	0	0	0	0	0	0	4969827.50999999978	Credit from Sheila	0	4973327.50999999978	Employee Collection : Sheila	
3749	2016-01-10	Dr	Payment	772		0	0	0	0	0	0	0	0	4973327.50999999978	Credit To Sheila	0	4972555.50999999978	Employee Expense : Sheila	
3750	2016-01-12	Cr	Journal	1800		0	0	0	0	0	0	0	0	4972555.50999999978	Credit from John	0	4974355.50999999978	Employee Collection : John	
3751	2016-01-12	Dr	Payment	194		0	0	0	0	0	0	0	0	4974355.50999999978	Credit To John	0	4974161.50999999978	Employee Expense : John	
3752	2016-01-17	Cr	Journal	600		0	0	0	0	0	0	0	0	4974161.50999999978	Credit from Sheila	0	4974761.50999999978	Employee Collection : Sheila	
3753	2016-01-17	Dr	Payment	863		0	0	0	0	0	0	0	0	4974761.50999999978	Credit To Sheila	0	4973898.50999999978	Employee Expense : Sheila	
3754	2016-01-17	Cr	Journal	1300		0	0	0	0	0	0	0	0	4973898.50999999978	Credit from Jason	0	4975198.50999999978	Employee Collection : Jason	
3755	2016-01-17	Dr	Payment	77		0	0	0	0	0	0	0	0	4975198.50999999978	Credit To Jason	0	4975121.50999999978	Employee Expense : Jason	
3756	2016-01-24	Cr	Journal	700		0	0	0	0	0	0	0	0	4975121.50999999978	Credit from Sheila	0	4975821.50999999978	Employee Collection : Sheila	
3757	2016-01-24	Dr	Payment	736		0	0	0	0	0	0	0	0	4975821.50999999978	Credit To Sheila	0	4975085.50999999978	Employee Expense : Sheila	
3758	2016-01-31	Cr	Journal	1100		0	0	0	0	0	0	0	0	4975085.50999999978	Credit from John	0	4976185.50999999978	Employee Collection : John	
3759	2016-01-31	Dr	Payment	827		0	0	0	0	0	0	0	0	4976185.50999999978	Credit To John	0	4975358.50999999978	Employee Expense : John	
3760	2016-01-31	Cr	Journal	900		0	0	0	0	0	0	0	0	4975358.50999999978	Credit from Sheila	0	4976258.50999999978	Employee Collection : Sheila	
3761	2016-01-31	Dr	Payment	739		0	0	0	0	0	0	0	0	4976258.50999999978	Credit To Sheila	0	4975519.50999999978	Employee Expense : Sheila	
3762	2016-02-01	Cr	Journal	1400		0	0	0	0	0	0	0	0	4975519.50999999978	Credit from Amy	0	4976919.50999999978	Employee Collection : Amy	
3763	2016-02-01	Dr	Payment	860		0	0	0	0	0	0	0	0	4976919.50999999978	Credit To Amy	0	4976059.50999999978	Employee Expense : Amy	
3764	2016-02-01	Cr	Journal	1600		0	0	0	0	0	0	0	0	4976059.50999999978	Credit from Sheila	0	4977659.50999999978	Employee Collection : Sheila	
3765	2016-02-01	Dr	Payment	983		0	0	0	0	0	0	0	0	4977659.50999999978	Credit To Sheila	0	4976676.50999999978	Employee Expense : Sheila	
3766	2016-02-06	Cr	Journal	700		0	0	0	0	0	0	0	0	4976676.50999999978	Credit from Sheila	0	4977376.50999999978	Employee Collection : Sheila	
3767	2016-02-06	Dr	Payment	168		0	0	0	0	0	0	0	0	4977376.50999999978	Credit To Sheila	0	4977208.50999999978	Employee Expense : Sheila	
3768	2016-02-07	Cr	Journal	500		0	0	0	0	0	0	0	0	4977208.50999999978	Credit from Sheila	0	4977708.50999999978	Employee Collection : Sheila	
3769	2016-02-07	Dr	Payment	968		0	0	0	0	0	0	0	0	4977708.50999999978	Credit To Sheila	0	4976740.50999999978	Employee Expense : Sheila	
3770	2016-02-14	Cr	Journal	1500		0	0	0	0	0	0	0	0	4976740.50999999978	Credit from Sheila	0	4978240.50999999978	Employee Collection : Sheila	
3771	2016-02-14	Dr	Payment	979		0	0	0	0	0	0	0	0	4978240.50999999978	Credit To Sheila	0	4977261.50999999978	Employee Expense : Sheila	
3772	2016-02-15	Cr	Journal	1700		0	0	0	0	0	0	0	0	4977261.50999999978	Credit from Jason	0	4978961.50999999978	Employee Collection : Jason	
3773	2016-02-15	Dr	Payment	319		0	0	0	0	0	0	0	0	4978961.50999999978	Credit To Jason	0	4978642.50999999978	Employee Expense : Jason	
3774	2016-02-19	Cr	Journal	800		0	0	0	0	0	0	0	0	4978642.50999999978	Credit from John	0	4979442.50999999978	Employee Collection : John	
3775	2016-02-19	Dr	Payment	820		0	0	0	0	0	0	0	0	4979442.50999999978	Credit To John	0	4978622.50999999978	Employee Expense : John	
3776	2016-02-21	Cr	Journal	500		0	0	0	0	0	0	0	0	4978622.50999999978	Credit from Sheila	0	4979122.50999999978	Employee Collection : Sheila	
3777	2016-02-21	Dr	Payment	339		0	0	0	0	0	0	0	0	4979122.50999999978	Credit To Sheila	0	4978783.50999999978	Employee Expense : Sheila	
3778	2016-02-28	Cr	Journal	1200		0	0	0	0	0	0	0	0	4978783.50999999978	Credit from Sheila	0	4979983.50999999978	Employee Collection : Sheila	
3779	2016-02-28	Dr	Payment	458		0	0	0	0	0	0	0	0	4979983.50999999978	Credit To Sheila	0	4979525.50999999978	Employee Expense : Sheila	
3780	2016-03-01	Cr	Journal	500		0	0	0	0	0	0	0	0	4979525.50999999978	Credit from Sheila	0	4980025.50999999978	Employee Collection : Sheila	
3781	2016-03-01	Dr	Payment	406		0	0	0	0	0	0	0	0	4980025.50999999978	Credit To Sheila	0	4979619.50999999978	Employee Expense : Sheila	
3782	2016-03-01	Cr	Journal	1000		0	0	0	0	0	0	0	0	4979619.50999999978	Credit from Amy	0	4980619.50999999978	Employee Collection : Amy	
3783	2016-03-01	Dr	Payment	128		0	0	0	0	0	0	0	0	4980619.50999999978	Credit To Amy	0	4980491.50999999978	Employee Expense : Amy	
3784	2016-03-04	Cr	Journal	900		0	0	0	0	0	0	0	0	4980491.50999999978	Credit from Sheila	0	4981391.50999999978	Employee Collection : Sheila	
3785	2016-03-04	Dr	Payment	866		0	0	0	0	0	0	0	0	4981391.50999999978	Credit To Sheila	0	4980525.50999999978	Employee Expense : Sheila	
3786	2016-03-06	Cr	Journal	1300		0	0	0	0	0	0	0	0	4980525.50999999978	Credit from Sheila	0	4981825.50999999978	Employee Collection : Sheila	
3787	2016-03-06	Dr	Payment	409		0	0	0	0	0	0	0	0	4981825.50999999978	Credit To Sheila	0	4981416.50999999978	Employee Expense : Sheila	
3788	2016-03-09	Cr	Journal	1200		0	0	0	0	0	0	0	0	4981416.50999999978	Credit from John	0	4982616.50999999978	Employee Collection : John	
3789	2016-03-09	Dr	Payment	916		0	0	0	0	0	0	0	0	4982616.50999999978	Credit To John	0	4981700.50999999978	Employee Expense : John	
3790	2016-03-13	Cr	Journal	1600		0	0	0	0	0	0	0	0	4981700.50999999978	Credit from Sheila	0	4983300.50999999978	Employee Collection : Sheila	
3791	2016-03-13	Dr	Payment	69		0	0	0	0	0	0	0	0	4983300.50999999978	Credit To Sheila	0	4983231.50999999978	Employee Expense : Sheila	
3792	2016-03-15	Cr	Journal	600		0	0	0	0	0	0	0	0	4983231.50999999978	Credit from Jason	0	4983831.50999999978	Employee Collection : Jason	
3793	2016-03-15	Dr	Payment	683		0	0	0	0	0	0	0	0	4983831.50999999978	Credit To Jason	0	4983148.50999999978	Employee Expense : Jason	
3794	2016-03-20	Cr	Journal	700		0	0	0	0	0	0	0	0	4983148.50999999978	Credit from Sheila	0	4983848.50999999978	Employee Collection : Sheila	
3795	2016-03-20	Dr	Payment	718		0	0	0	0	0	0	0	0	4983848.50999999978	Credit To Sheila	0	4983130.50999999978	Employee Expense : Sheila	
3796	2016-03-27	Cr	Journal	900		0	0	0	0	0	0	0	0	4983130.50999999978	Credit from Sheila	0	4984030.50999999978	Employee Collection : Sheila	
3797	2016-03-27	Dr	Payment	797		0	0	0	0	0	0	0	0	4984030.50999999978	Credit To Sheila	0	4983233.50999999978	Employee Expense : Sheila	
3798	2016-03-28	Cr	Journal	1300		0	0	0	0	0	0	0	0	4983233.50999999978	Credit from John	0	4984533.50999999978	Employee Collection : John	
3799	2016-03-28	Dr	Payment	975		0	0	0	0	0	0	0	0	4984533.50999999978	Credit To John	0	4983558.50999999978	Employee Expense : John	
3800	2016-03-31	Cr	Journal	1800		0	0	0	0	0	0	0	0	4983558.50999999978	Credit from Sheila	0	4985358.50999999978	Employee Collection : Sheila	
3801	2016-03-31	Dr	Payment	362		0	0	0	0	0	0	0	0	4985358.50999999978	Credit To Sheila	0	4984996.50999999978	Employee Expense : Sheila	
3802	2016-04-01	Cr	Journal	700		0	0	0	0	0	0	0	0	4984996.50999999978	Credit from Amy	0	4985696.50999999978	Employee Collection : Amy	
3803	2016-04-01	Dr	Payment	560		0	0	0	0	0	0	0	0	4985696.50999999978	Credit To Amy	0	4985136.50999999978	Employee Expense : Amy	
3804	2016-04-01	Cr	Journal	1200		0	0	0	0	0	0	0	0	4985136.50999999978	Credit from Sheila	0	4986336.50999999978	Employee Collection : Sheila	
3805	2016-04-01	Dr	Payment	315		0	0	0	0	0	0	0	0	4986336.50999999978	Credit To Sheila	0	4986021.50999999978	Employee Expense : Sheila	
3806	2016-04-03	Cr	Journal	900		0	0	0	0	0	0	0	0	4986021.50999999978	Credit from Sheila	0	4986921.50999999978	Employee Collection : Sheila	
3807	2016-04-03	Dr	Payment	782		0	0	0	0	0	0	0	0	4986921.50999999978	Credit To Sheila	0	4986139.50999999978	Employee Expense : Sheila	
3808	2016-04-10	Cr	Journal	1200		0	0	0	0	0	0	0	0	4986139.50999999978	Credit from Sheila	0	4987339.50999999978	Employee Collection : Sheila	
3809	2016-04-10	Dr	Payment	64		0	0	0	0	0	0	0	0	4987339.50999999978	Credit To Sheila	0	4987275.50999999978	Employee Expense : Sheila	
3810	2016-04-13	Cr	Journal	1800		0	0	0	0	0	0	0	0	4987275.50999999978	Credit from Jason	0	4989075.50999999978	Employee Collection : Jason	
3811	2016-04-13	Dr	Payment	450		0	0	0	0	0	0	0	0	4989075.50999999978	Credit To Jason	0	4988625.50999999978	Employee Expense : Jason	
3812	2016-04-16	Cr	Journal	500		0	0	0	0	0	0	0	0	4988625.50999999978	Credit from John	0	4989125.50999999978	Employee Collection : John	
3813	2016-04-16	Dr	Payment	469		0	0	0	0	0	0	0	0	4989125.50999999978	Credit To John	0	4988656.50999999978	Employee Expense : John	
3814	2016-04-17	Cr	Journal	500		0	0	0	0	0	0	0	0	4988656.50999999978	Credit from Sheila	0	4989156.50999999978	Employee Collection : Sheila	
3815	2016-04-17	Dr	Payment	95		0	0	0	0	0	0	0	0	4989156.50999999978	Credit To Sheila	0	4989061.50999999978	Employee Expense : Sheila	
3816	2016-04-24	Cr	Journal	900		0	0	0	0	0	0	0	0	4989061.50999999978	Credit from Sheila	0	4989961.50999999978	Employee Collection : Sheila	
3817	2016-04-24	Dr	Payment	83		0	0	0	0	0	0	0	0	4989961.50999999978	Credit To Sheila	0	4989878.50999999978	Employee Expense : Sheila	
3818	2016-04-27	Cr	Journal	1900		0	0	0	0	0	0	0	0	4989878.50999999978	Credit from Sheila	0	4991778.50999999978	Employee Collection : Sheila	
3819	2016-04-27	Dr	Payment	332		0	0	0	0	0	0	0	0	4991778.50999999978	Credit To Sheila	0	4991446.50999999978	Employee Expense : Sheila	
3820	2016-05-01	Cr	Journal	1400		0	0	0	0	0	0	0	0	4991446.50999999978	Credit from Amy	0	4992846.50999999978	Employee Collection : Amy	
3821	2016-05-01	Dr	Payment	67		0	0	0	0	0	0	0	0	4992846.50999999978	Credit To Amy	0	4992779.50999999978	Employee Expense : Amy	
3822	2016-05-01	Cr	Journal	1800		0	0	0	0	0	0	0	0	4992779.50999999978	Credit from Sheila	0	4994579.50999999978	Employee Collection : Sheila	
3823	2016-05-01	Dr	Payment	236		0	0	0	0	0	0	0	0	4994579.50999999978	Credit To Sheila	0	4994343.50999999978	Employee Expense : Sheila	
3824	2016-05-05	Cr	Journal	1200		0	0	0	0	0	0	0	0	4994343.50999999978	Credit from John	0	4995543.50999999978	Employee Collection : John	
3825	2016-05-05	Dr	Payment	406		0	0	0	0	0	0	0	0	4995543.50999999978	Credit To John	0	4995137.50999999978	Employee Expense : John	
\.


--
-- Data for Name: employee_voucherhead; Type: TABLE DATA; Schema: public; Owner: vaqas
--

COPY public.employee_voucherhead (id, head, voucher_id) FROM stdin;
3665	Employee Collection : Jason	3664
3666	Employee Expense : Jason	3665
3667	Employee Collection : Jason	3666
3668	Employee Expense : Jason	3667
3669	Employee Collection : Jason	3668
3670	Employee Expense : Jason	3669
3671	Employee Collection : Tonya	3670
3672	Employee Expense : Tonya	3671
3673	Employee Collection : Sheila	3672
3674	Employee Expense : Sheila	3673
3675	Employee Collection : Jason	3674
3676	Employee Expense : Jason	3675
3677	Employee Collection : Jason	3676
3678	Employee Expense : Jason	3677
3679	Employee Collection : Sheila	3678
3680	Employee Expense : Sheila	3679
3681	Employee Collection : Sheila	3680
3682	Employee Expense : Sheila	3681
3683	Employee Collection : John	3682
3684	Employee Expense : John	3683
3685	Employee Collection : Jason	3684
3686	Employee Expense : Jason	3685
3687	Employee Collection : Sheila	3686
3688	Employee Expense : Sheila	3687
3689	Employee Collection : Sheila	3688
3690	Employee Expense : Sheila	3689
3691	Employee Collection : Amy	3690
3692	Employee Expense : Amy	3691
3693	Employee Collection : John	3692
3694	Employee Expense : John	3693
3695	Employee Collection : Sheila	3694
3696	Employee Expense : Sheila	3695
3697	Employee Collection : Jason	3696
3698	Employee Expense : Jason	3697
3699	Employee Collection : John	3698
3700	Employee Expense : John	3699
3701	Employee Collection : Amy	3700
3702	Employee Expense : Amy	3701
3703	Employee Collection : Sheila	3702
3704	Employee Expense : Sheila	3703
3705	Employee Collection : Jason	3704
3706	Employee Expense : Jason	3705
3707	Employee Collection : Sheila	3706
3708	Employee Expense : Sheila	3707
3709	Employee Collection : Sheila	3708
3710	Employee Expense : Sheila	3709
3711	Employee Collection : John	3710
3712	Employee Expense : John	3711
3713	Employee Collection : Sheila	3712
3714	Employee Expense : Sheila	3713
3715	Employee Collection : Jason	3714
3716	Employee Expense : Jason	3715
3717	Employee Collection : Sheila	3716
3718	Employee Expense : Sheila	3717
3719	Employee Collection : Sheila	3718
3720	Employee Expense : Sheila	3719
3721	Employee Collection : Amy	3720
3722	Employee Expense : Amy	3721
3723	Employee Collection : Sheila	3722
3724	Employee Expense : Sheila	3723
3725	Employee Collection : John	3724
3726	Employee Expense : John	3725
3727	Employee Collection : Sheila	3726
3728	Employee Expense : Sheila	3727
3729	Employee Collection : Sheila	3728
3730	Employee Expense : Sheila	3729
3731	Employee Collection : Sheila	3730
3732	Employee Expense : Sheila	3731
3733	Employee Collection : Jason	3732
3734	Employee Expense : Jason	3733
3735	Employee Collection : Sheila	3734
3736	Employee Expense : Sheila	3735
3737	Employee Collection : John	3736
3738	Employee Expense : John	3737
3739	Employee Collection : Sheila	3738
3740	Employee Expense : Sheila	3739
3741	Employee Collection : Sheila	3740
3742	Employee Expense : Sheila	3741
3743	Employee Collection : Amy	3742
3744	Employee Expense : Amy	3743
3745	Employee Collection : Jason	3744
3746	Employee Expense : Jason	3745
3747	Employee Collection : Sheila	3746
3748	Employee Expense : Sheila	3747
3749	Employee Collection : Sheila	3748
3750	Employee Expense : Sheila	3749
3751	Employee Collection : John	3750
3752	Employee Expense : John	3751
3753	Employee Collection : Sheila	3752
3754	Employee Expense : Sheila	3753
3755	Employee Collection : Jason	3754
3756	Employee Expense : Jason	3755
3757	Employee Collection : Sheila	3756
3758	Employee Expense : Sheila	3757
3759	Employee Collection : John	3758
3760	Employee Expense : John	3759
3761	Employee Collection : Sheila	3760
3762	Employee Expense : Sheila	3761
3763	Employee Collection : Amy	3762
3764	Employee Expense : Amy	3763
3765	Employee Collection : Sheila	3764
3766	Employee Expense : Sheila	3765
3767	Employee Collection : Sheila	3766
3768	Employee Expense : Sheila	3767
3769	Employee Collection : Sheila	3768
3770	Employee Expense : Sheila	3769
3771	Employee Collection : Sheila	3770
3772	Employee Expense : Sheila	3771
3773	Employee Collection : Jason	3772
3774	Employee Expense : Jason	3773
3775	Employee Collection : John	3774
3776	Employee Expense : John	3775
3777	Employee Collection : Sheila	3776
3778	Employee Expense : Sheila	3777
3779	Employee Collection : Sheila	3778
3780	Employee Expense : Sheila	3779
3781	Employee Collection : Sheila	3780
3782	Employee Expense : Sheila	3781
3783	Employee Collection : Amy	3782
3784	Employee Expense : Amy	3783
3785	Employee Collection : Sheila	3784
3786	Employee Expense : Sheila	3785
3787	Employee Collection : Sheila	3786
3788	Employee Expense : Sheila	3787
3789	Employee Collection : John	3788
3790	Employee Expense : John	3789
3791	Employee Collection : Sheila	3790
3792	Employee Expense : Sheila	3791
3793	Employee Collection : Jason	3792
3794	Employee Expense : Jason	3793
3795	Employee Collection : Sheila	3794
3796	Employee Expense : Sheila	3795
3797	Employee Collection : Sheila	3796
3798	Employee Expense : Sheila	3797
3799	Employee Collection : John	3798
3800	Employee Expense : John	3799
3801	Employee Collection : Sheila	3800
3802	Employee Expense : Sheila	3801
3803	Employee Collection : Amy	3802
3804	Employee Expense : Amy	3803
3805	Employee Collection : Sheila	3804
3806	Employee Expense : Sheila	3805
3807	Employee Collection : Sheila	3806
3808	Employee Expense : Sheila	3807
3809	Employee Collection : Sheila	3808
3810	Employee Expense : Sheila	3809
3811	Employee Collection : Jason	3810
3812	Employee Expense : Jason	3811
3813	Employee Collection : John	3812
3814	Employee Expense : John	3813
3815	Employee Collection : Sheila	3814
3816	Employee Expense : Sheila	3815
3817	Employee Collection : Sheila	3816
3818	Employee Expense : Sheila	3817
3819	Employee Collection : Sheila	3818
3820	Employee Expense : Sheila	3819
3821	Employee Collection : Amy	3820
3822	Employee Expense : Amy	3821
3823	Employee Collection : Sheila	3822
3824	Employee Expense : Sheila	3823
3825	Employee Collection : John	3824
3826	Employee Expense : John	3825
\.


--
-- Data for Name: employee_voucherparticulars; Type: TABLE DATA; Schema: public; Owner: vaqas
--

COPY public.employee_voucherparticulars (id, name, amount, voucher_id) FROM stdin;
\.


--
-- Data for Name: employee_withdrawl_entry; Type: TABLE DATA; Schema: public; Owner: vaqas
--

COPY public.employee_withdrawl_entry (id, bill_no, amount_withdrawl_date, category, holder_name, available_amount, amount_withdrawl, intrest_amount, deduction_amount, paymode, cheque_no, n_10, n_20, n_50, n_100, n_200, n_500, n_2000, remarks, society_account_id) FROM stdin;
286	0	2016-07-01	Maturity	Rebecca	214911	232103.880000000005	232103.880000000005	0	\N	\N	0	0	0	0	0	0	0	\N	428
287	1	2016-09-01	Maturity	Tracy	518389	559860.119999999995	559860.119999999995	0	\N	\N	0	0	0	0	0	0	0	\N	429
288	2	2016-05-01	Maturity	Bethany	577403	623595.239999999991	623595.239999999991	0	\N	\N	0	0	0	0	0	0	0	\N	432
289	3	2016-10-01	Maturity	Tracy	515032	556234.560000000056	556234.560000000056	0	\N	\N	0	0	0	0	0	0	0	\N	434
290	4	2015-08-01	withdraw	Nicole	126714	845	645.720657534248062	0	\N	\N	0	0	0	0	0	0	0	\N	431
291	5	2015-09-01	withdraw	Brooke	796352	1333	2705.41501369861999	0	\N	\N	0	0	0	0	0	0	0	\N	435
292	6	2015-10-01	withdraw	William	486598	1764	2399.66136986301899	0	\N	\N	0	0	0	0	0	0	0	\N	433
293	7	2015-10-01	withdraw	Courtney	650140	1819	2137.44657534245789	0	\N	\N	0	0	0	0	0	0	0	\N	436
294	8	2015-06-01	withdraw	Alexander	713796	788	2424.95079452053869	0	\N	\N	0	0	0	0	0	0	0	\N	427
295	9	2015-12-01	withdraw	Brooke	526256	1204	1730.1567123287607	0	\N	\N	0	0	0	0	0	0	0	\N	430
\.


--
-- Name: auth_group_id_seq; Type: SEQUENCE SET; Schema: public; Owner: vaqas
--

SELECT pg_catalog.setval('public.auth_group_id_seq', 1, true);


--
-- Name: auth_group_permissions_id_seq; Type: SEQUENCE SET; Schema: public; Owner: vaqas
--

SELECT pg_catalog.setval('public.auth_group_permissions_id_seq', 188, true);


--
-- Name: auth_permission_id_seq; Type: SEQUENCE SET; Schema: public; Owner: vaqas
--

SELECT pg_catalog.setval('public.auth_permission_id_seq', 192, true);


--
-- Name: auth_user_groups_id_seq; Type: SEQUENCE SET; Schema: public; Owner: vaqas
--

SELECT pg_catalog.setval('public.auth_user_groups_id_seq', 2059, true);


--
-- Name: auth_user_id_seq; Type: SEQUENCE SET; Schema: public; Owner: vaqas
--

SELECT pg_catalog.setval('public.auth_user_id_seq', 2089, true);


--
-- Name: auth_user_user_permissions_id_seq; Type: SEQUENCE SET; Schema: public; Owner: vaqas
--

SELECT pg_catalog.setval('public.auth_user_user_permissions_id_seq', 1, false);


--
-- Name: django_admin_log_id_seq; Type: SEQUENCE SET; Schema: public; Owner: vaqas
--

SELECT pg_catalog.setval('public.django_admin_log_id_seq', 602, true);


--
-- Name: django_content_type_id_seq; Type: SEQUENCE SET; Schema: public; Owner: vaqas
--

SELECT pg_catalog.setval('public.django_content_type_id_seq', 48, true);


--
-- Name: django_cron_cronjoblog_id_seq; Type: SEQUENCE SET; Schema: public; Owner: vaqas
--

SELECT pg_catalog.setval('public.django_cron_cronjoblog_id_seq', 2, true);


--
-- Name: django_migrations_id_seq; Type: SEQUENCE SET; Schema: public; Owner: vaqas
--

SELECT pg_catalog.setval('public.django_migrations_id_seq', 64, true);


--
-- Name: employee_approved_finance_table_id_seq; Type: SEQUENCE SET; Schema: public; Owner: vaqas
--

SELECT pg_catalog.setval('public.employee_approved_finance_table_id_seq', 1186, true);


--
-- Name: employee_balance_id_seq; Type: SEQUENCE SET; Schema: public; Owner: vaqas
--

SELECT pg_catalog.setval('public.employee_balance_id_seq', 32, true);


--
-- Name: employee_bank_choice_id_seq; Type: SEQUENCE SET; Schema: public; Owner: vaqas
--

SELECT pg_catalog.setval('public.employee_bank_choice_id_seq', 33, true);


--
-- Name: employee_branch_choice_id_seq; Type: SEQUENCE SET; Schema: public; Owner: vaqas
--

SELECT pg_catalog.setval('public.employee_branch_choice_id_seq', 1, false);


--
-- Name: employee_cash_collection_id_seq; Type: SEQUENCE SET; Schema: public; Owner: vaqas
--

SELECT pg_catalog.setval('public.employee_cash_collection_id_seq', 1772, true);


--
-- Name: employee_cash_notes_id_seq; Type: SEQUENCE SET; Schema: public; Owner: vaqas
--

SELECT pg_catalog.setval('public.employee_cash_notes_id_seq', 1, false);


--
-- Name: employee_cheque_details_id_seq; Type: SEQUENCE SET; Schema: public; Owner: vaqas
--

SELECT pg_catalog.setval('public.employee_cheque_details_id_seq', 1, false);


--
-- Name: employee_city_choice_id_seq; Type: SEQUENCE SET; Schema: public; Owner: vaqas
--

SELECT pg_catalog.setval('public.employee_city_choice_id_seq', 32, true);


--
-- Name: employee_collection_deposit_id_seq; Type: SEQUENCE SET; Schema: public; Owner: vaqas
--

SELECT pg_catalog.setval('public.employee_collection_deposit_id_seq', 5350, true);


--
-- Name: employee_collection_finance_id_seq; Type: SEQUENCE SET; Schema: public; Owner: vaqas
--

SELECT pg_catalog.setval('public.employee_collection_finance_id_seq', 54500, true);


--
-- Name: employee_contra_voucher_voucher_number_seq; Type: SEQUENCE SET; Schema: public; Owner: vaqas
--

SELECT pg_catalog.setval('public.employee_contra_voucher_voucher_number_seq', 1, false);


--
-- Name: employee_country_choice_id_seq; Type: SEQUENCE SET; Schema: public; Owner: vaqas
--

SELECT pg_catalog.setval('public.employee_country_choice_id_seq', 32, true);


--
-- Name: employee_depositchoice_id_seq; Type: SEQUENCE SET; Schema: public; Owner: vaqas
--

SELECT pg_catalog.setval('public.employee_depositchoice_id_seq', 96, true);


--
-- Name: employee_deposits_table_id_seq; Type: SEQUENCE SET; Schema: public; Owner: vaqas
--

SELECT pg_catalog.setval('public.employee_deposits_table_id_seq', 436, true);


--
-- Name: employee_district_choice_id_seq; Type: SEQUENCE SET; Schema: public; Owner: vaqas
--

SELECT pg_catalog.setval('public.employee_district_choice_id_seq', 32, true);


--
-- Name: employee_documents_id_seq; Type: SEQUENCE SET; Schema: public; Owner: vaqas
--

SELECT pg_catalog.setval('public.employee_documents_id_seq', 1, false);


--
-- Name: employee_emp_payments_id_seq; Type: SEQUENCE SET; Schema: public; Owner: vaqas
--

SELECT pg_catalog.setval('public.employee_emp_payments_id_seq', 8, true);


--
-- Name: employee_employee_joining_id_seq; Type: SEQUENCE SET; Schema: public; Owner: vaqas
--

SELECT pg_catalog.setval('public.employee_employee_joining_id_seq', 2053, true);


--
-- Name: employee_finance_table_id_seq; Type: SEQUENCE SET; Schema: public; Owner: vaqas
--

SELECT pg_catalog.setval('public.employee_finance_table_id_seq', 1193, true);


--
-- Name: employee_financechoice_id_seq; Type: SEQUENCE SET; Schema: public; Owner: vaqas
--

SELECT pg_catalog.setval('public.employee_financechoice_id_seq', 64, true);


--
-- Name: employee_gaurantor_id_seq; Type: SEQUENCE SET; Schema: public; Owner: vaqas
--

SELECT pg_catalog.setval('public.employee_gaurantor_id_seq', 1, true);


--
-- Name: employee_head_id_seq; Type: SEQUENCE SET; Schema: public; Owner: vaqas
--

SELECT pg_catalog.setval('public.employee_head_id_seq', 1, false);


--
-- Name: employee_id_proof_id_seq; Type: SEQUENCE SET; Schema: public; Owner: vaqas
--

SELECT pg_catalog.setval('public.employee_id_proof_id_seq', 4370, true);


--
-- Name: employee_id_type_choice_id_seq; Type: SEQUENCE SET; Schema: public; Owner: vaqas
--

SELECT pg_catalog.setval('public.employee_id_type_choice_id_seq', 33, true);


--
-- Name: employee_journal_voucher_voucher_number_seq; Type: SEQUENCE SET; Schema: public; Owner: vaqas
--

SELECT pg_catalog.setval('public.employee_journal_voucher_voucher_number_seq', 1, false);


--
-- Name: employee_major_head_id_seq; Type: SEQUENCE SET; Schema: public; Owner: vaqas
--

SELECT pg_catalog.setval('public.employee_major_head_id_seq', 1, false);


--
-- Name: employee_payment_voucher_voucher_number_seq; Type: SEQUENCE SET; Schema: public; Owner: vaqas
--

SELECT pg_catalog.setval('public.employee_payment_voucher_voucher_number_seq', 1, false);


--
-- Name: employee_relation_choice_id_seq; Type: SEQUENCE SET; Schema: public; Owner: vaqas
--

SELECT pg_catalog.setval('public.employee_relation_choice_id_seq', 3, true);


--
-- Name: employee_scheme_id_seq; Type: SEQUENCE SET; Schema: public; Owner: vaqas
--

SELECT pg_catalog.setval('public.employee_scheme_id_seq', 99, true);


--
-- Name: employee_state_choice_id_seq; Type: SEQUENCE SET; Schema: public; Owner: vaqas
--

SELECT pg_catalog.setval('public.employee_state_choice_id_seq', 32, true);


--
-- Name: employee_sub_head_id_seq; Type: SEQUENCE SET; Schema: public; Owner: vaqas
--

SELECT pg_catalog.setval('public.employee_sub_head_id_seq', 1, false);


--
-- Name: employee_uploaddocs_id_seq; Type: SEQUENCE SET; Schema: public; Owner: vaqas
--

SELECT pg_catalog.setval('public.employee_uploaddocs_id_seq', 5, true);


--
-- Name: employee_voucher_voucher_number_seq; Type: SEQUENCE SET; Schema: public; Owner: vaqas
--

SELECT pg_catalog.setval('public.employee_voucher_voucher_number_seq', 3825, true);


--
-- Name: employee_voucherhead_id_seq; Type: SEQUENCE SET; Schema: public; Owner: vaqas
--

SELECT pg_catalog.setval('public.employee_voucherhead_id_seq', 3826, true);


--
-- Name: employee_voucherparticulars_id_seq; Type: SEQUENCE SET; Schema: public; Owner: vaqas
--

SELECT pg_catalog.setval('public.employee_voucherparticulars_id_seq', 3, true);


--
-- Name: employee_withdrawl_entry_id_seq; Type: SEQUENCE SET; Schema: public; Owner: vaqas
--

SELECT pg_catalog.setval('public.employee_withdrawl_entry_id_seq', 295, true);


--
-- Name: auth_group auth_group_name_key; Type: CONSTRAINT; Schema: public; Owner: vaqas
--

ALTER TABLE ONLY public.auth_group
    ADD CONSTRAINT auth_group_name_key UNIQUE (name);


--
-- Name: auth_group_permissions auth_group_permissions_group_id_permission_id_0cd325b0_uniq; Type: CONSTRAINT; Schema: public; Owner: vaqas
--

ALTER TABLE ONLY public.auth_group_permissions
    ADD CONSTRAINT auth_group_permissions_group_id_permission_id_0cd325b0_uniq UNIQUE (group_id, permission_id);


--
-- Name: auth_group_permissions auth_group_permissions_pkey; Type: CONSTRAINT; Schema: public; Owner: vaqas
--

ALTER TABLE ONLY public.auth_group_permissions
    ADD CONSTRAINT auth_group_permissions_pkey PRIMARY KEY (id);


--
-- Name: auth_group auth_group_pkey; Type: CONSTRAINT; Schema: public; Owner: vaqas
--

ALTER TABLE ONLY public.auth_group
    ADD CONSTRAINT auth_group_pkey PRIMARY KEY (id);


--
-- Name: auth_permission auth_permission_content_type_id_codename_01ab375a_uniq; Type: CONSTRAINT; Schema: public; Owner: vaqas
--

ALTER TABLE ONLY public.auth_permission
    ADD CONSTRAINT auth_permission_content_type_id_codename_01ab375a_uniq UNIQUE (content_type_id, codename);


--
-- Name: auth_permission auth_permission_pkey; Type: CONSTRAINT; Schema: public; Owner: vaqas
--

ALTER TABLE ONLY public.auth_permission
    ADD CONSTRAINT auth_permission_pkey PRIMARY KEY (id);


--
-- Name: auth_user_groups auth_user_groups_pkey; Type: CONSTRAINT; Schema: public; Owner: vaqas
--

ALTER TABLE ONLY public.auth_user_groups
    ADD CONSTRAINT auth_user_groups_pkey PRIMARY KEY (id);


--
-- Name: auth_user_groups auth_user_groups_user_id_group_id_94350c0c_uniq; Type: CONSTRAINT; Schema: public; Owner: vaqas
--

ALTER TABLE ONLY public.auth_user_groups
    ADD CONSTRAINT auth_user_groups_user_id_group_id_94350c0c_uniq UNIQUE (user_id, group_id);


--
-- Name: auth_user auth_user_pkey; Type: CONSTRAINT; Schema: public; Owner: vaqas
--

ALTER TABLE ONLY public.auth_user
    ADD CONSTRAINT auth_user_pkey PRIMARY KEY (id);


--
-- Name: auth_user_user_permissions auth_user_user_permissions_pkey; Type: CONSTRAINT; Schema: public; Owner: vaqas
--

ALTER TABLE ONLY public.auth_user_user_permissions
    ADD CONSTRAINT auth_user_user_permissions_pkey PRIMARY KEY (id);


--
-- Name: auth_user_user_permissions auth_user_user_permissions_user_id_permission_id_14a6b632_uniq; Type: CONSTRAINT; Schema: public; Owner: vaqas
--

ALTER TABLE ONLY public.auth_user_user_permissions
    ADD CONSTRAINT auth_user_user_permissions_user_id_permission_id_14a6b632_uniq UNIQUE (user_id, permission_id);


--
-- Name: auth_user auth_user_username_key; Type: CONSTRAINT; Schema: public; Owner: vaqas
--

ALTER TABLE ONLY public.auth_user
    ADD CONSTRAINT auth_user_username_key UNIQUE (username);


--
-- Name: django_admin_log django_admin_log_pkey; Type: CONSTRAINT; Schema: public; Owner: vaqas
--

ALTER TABLE ONLY public.django_admin_log
    ADD CONSTRAINT django_admin_log_pkey PRIMARY KEY (id);


--
-- Name: django_content_type django_content_type_app_label_model_76bd3d3b_uniq; Type: CONSTRAINT; Schema: public; Owner: vaqas
--

ALTER TABLE ONLY public.django_content_type
    ADD CONSTRAINT django_content_type_app_label_model_76bd3d3b_uniq UNIQUE (app_label, model);


--
-- Name: django_content_type django_content_type_pkey; Type: CONSTRAINT; Schema: public; Owner: vaqas
--

ALTER TABLE ONLY public.django_content_type
    ADD CONSTRAINT django_content_type_pkey PRIMARY KEY (id);


--
-- Name: django_cron_cronjoblog django_cron_cronjoblog_pkey; Type: CONSTRAINT; Schema: public; Owner: vaqas
--

ALTER TABLE ONLY public.django_cron_cronjoblog
    ADD CONSTRAINT django_cron_cronjoblog_pkey PRIMARY KEY (id);


--
-- Name: django_migrations django_migrations_pkey; Type: CONSTRAINT; Schema: public; Owner: vaqas
--

ALTER TABLE ONLY public.django_migrations
    ADD CONSTRAINT django_migrations_pkey PRIMARY KEY (id);


--
-- Name: django_session django_session_pkey; Type: CONSTRAINT; Schema: public; Owner: vaqas
--

ALTER TABLE ONLY public.django_session
    ADD CONSTRAINT django_session_pkey PRIMARY KEY (session_key);


--
-- Name: employee_approved_finance_table employee_approved_finance_table_finance_id_key; Type: CONSTRAINT; Schema: public; Owner: vaqas
--

ALTER TABLE ONLY public.employee_approved_finance_table
    ADD CONSTRAINT employee_approved_finance_table_finance_id_key UNIQUE (finance_id);


--
-- Name: employee_approved_finance_table employee_approved_finance_table_pkey; Type: CONSTRAINT; Schema: public; Owner: vaqas
--

ALTER TABLE ONLY public.employee_approved_finance_table
    ADD CONSTRAINT employee_approved_finance_table_pkey PRIMARY KEY (id);


--
-- Name: employee_balance employee_balance_pkey; Type: CONSTRAINT; Schema: public; Owner: vaqas
--

ALTER TABLE ONLY public.employee_balance
    ADD CONSTRAINT employee_balance_pkey PRIMARY KEY (id);


--
-- Name: employee_bank_choice employee_bank_choice_bank_choice_key; Type: CONSTRAINT; Schema: public; Owner: vaqas
--

ALTER TABLE ONLY public.employee_bank_choice
    ADD CONSTRAINT employee_bank_choice_bank_choice_key UNIQUE (bank_choice);


--
-- Name: employee_bank_choice employee_bank_choice_pkey; Type: CONSTRAINT; Schema: public; Owner: vaqas
--

ALTER TABLE ONLY public.employee_bank_choice
    ADD CONSTRAINT employee_bank_choice_pkey PRIMARY KEY (id);


--
-- Name: employee_basic_details employee_basic_details_pkey; Type: CONSTRAINT; Schema: public; Owner: vaqas
--

ALTER TABLE ONLY public.employee_basic_details
    ADD CONSTRAINT employee_basic_details_pkey PRIMARY KEY (nomination_number);


--
-- Name: employee_branch_choice employee_branch_choice_branch_choice_key; Type: CONSTRAINT; Schema: public; Owner: vaqas
--

ALTER TABLE ONLY public.employee_branch_choice
    ADD CONSTRAINT employee_branch_choice_branch_choice_key UNIQUE (branch_choice);


--
-- Name: employee_branch_choice employee_branch_choice_pkey; Type: CONSTRAINT; Schema: public; Owner: vaqas
--

ALTER TABLE ONLY public.employee_branch_choice
    ADD CONSTRAINT employee_branch_choice_pkey PRIMARY KEY (id);


--
-- Name: employee_cash_collection employee_cash_collection_bill_number_bf9cacee_uniq; Type: CONSTRAINT; Schema: public; Owner: vaqas
--

ALTER TABLE ONLY public.employee_cash_collection
    ADD CONSTRAINT employee_cash_collection_bill_number_bf9cacee_uniq UNIQUE (bill_number);


--
-- Name: employee_cash_collection employee_cash_collection_pkey; Type: CONSTRAINT; Schema: public; Owner: vaqas
--

ALTER TABLE ONLY public.employee_cash_collection
    ADD CONSTRAINT employee_cash_collection_pkey PRIMARY KEY (id);


--
-- Name: employee_cash_notes employee_cash_notes_pkey; Type: CONSTRAINT; Schema: public; Owner: vaqas
--

ALTER TABLE ONLY public.employee_cash_notes
    ADD CONSTRAINT employee_cash_notes_pkey PRIMARY KEY (id);


--
-- Name: employee_cheque_details employee_cheque_details_pkey; Type: CONSTRAINT; Schema: public; Owner: vaqas
--

ALTER TABLE ONLY public.employee_cheque_details
    ADD CONSTRAINT employee_cheque_details_pkey PRIMARY KEY (id);


--
-- Name: employee_city_choice employee_city_choice_city_choice_key; Type: CONSTRAINT; Schema: public; Owner: vaqas
--

ALTER TABLE ONLY public.employee_city_choice
    ADD CONSTRAINT employee_city_choice_city_choice_key UNIQUE (city_choice);


--
-- Name: employee_city_choice employee_city_choice_pkey; Type: CONSTRAINT; Schema: public; Owner: vaqas
--

ALTER TABLE ONLY public.employee_city_choice
    ADD CONSTRAINT employee_city_choice_pkey PRIMARY KEY (id);


--
-- Name: employee_client employee_client_id_proof_ptr_id_key; Type: CONSTRAINT; Schema: public; Owner: vaqas
--

ALTER TABLE ONLY public.employee_client
    ADD CONSTRAINT employee_client_id_proof_ptr_id_key UNIQUE (id_proof_ptr_id);


--
-- Name: employee_client employee_client_pkey; Type: CONSTRAINT; Schema: public; Owner: vaqas
--

ALTER TABLE ONLY public.employee_client
    ADD CONSTRAINT employee_client_pkey PRIMARY KEY (basic_details_ptr_id);


--
-- Name: employee_collection_deposit employee_collection_deposit_pkey; Type: CONSTRAINT; Schema: public; Owner: vaqas
--

ALTER TABLE ONLY public.employee_collection_deposit
    ADD CONSTRAINT employee_collection_deposit_pkey PRIMARY KEY (id);


--
-- Name: employee_collection_finance employee_collection_finance_pkey; Type: CONSTRAINT; Schema: public; Owner: vaqas
--

ALTER TABLE ONLY public.employee_collection_finance
    ADD CONSTRAINT employee_collection_finance_pkey PRIMARY KEY (id);


--
-- Name: employee_contra_voucher employee_contra_voucher_pkey; Type: CONSTRAINT; Schema: public; Owner: vaqas
--

ALTER TABLE ONLY public.employee_contra_voucher
    ADD CONSTRAINT employee_contra_voucher_pkey PRIMARY KEY (voucher_number);


--
-- Name: employee_country_choice employee_country_choice_country_choice_key; Type: CONSTRAINT; Schema: public; Owner: vaqas
--

ALTER TABLE ONLY public.employee_country_choice
    ADD CONSTRAINT employee_country_choice_country_choice_key UNIQUE (country_choice);


--
-- Name: employee_country_choice employee_country_choice_pkey; Type: CONSTRAINT; Schema: public; Owner: vaqas
--

ALTER TABLE ONLY public.employee_country_choice
    ADD CONSTRAINT employee_country_choice_pkey PRIMARY KEY (id);


--
-- Name: employee_depositchoice employee_depositchoice_name_key; Type: CONSTRAINT; Schema: public; Owner: vaqas
--

ALTER TABLE ONLY public.employee_depositchoice
    ADD CONSTRAINT employee_depositchoice_name_key UNIQUE (name);


--
-- Name: employee_depositchoice employee_depositchoice_pkey; Type: CONSTRAINT; Schema: public; Owner: vaqas
--

ALTER TABLE ONLY public.employee_depositchoice
    ADD CONSTRAINT employee_depositchoice_pkey PRIMARY KEY (id);


--
-- Name: employee_deposits_table employee_deposits_table_pkey; Type: CONSTRAINT; Schema: public; Owner: vaqas
--

ALTER TABLE ONLY public.employee_deposits_table
    ADD CONSTRAINT employee_deposits_table_pkey PRIMARY KEY (id);


--
-- Name: employee_deposits_table employee_deposits_table_society_account_number_key; Type: CONSTRAINT; Schema: public; Owner: vaqas
--

ALTER TABLE ONLY public.employee_deposits_table
    ADD CONSTRAINT employee_deposits_table_society_account_number_key UNIQUE (society_account_number);


--
-- Name: employee_district_choice employee_district_choice_district_choice_key; Type: CONSTRAINT; Schema: public; Owner: vaqas
--

ALTER TABLE ONLY public.employee_district_choice
    ADD CONSTRAINT employee_district_choice_district_choice_key UNIQUE (district_choice);


--
-- Name: employee_district_choice employee_district_choice_pkey; Type: CONSTRAINT; Schema: public; Owner: vaqas
--

ALTER TABLE ONLY public.employee_district_choice
    ADD CONSTRAINT employee_district_choice_pkey PRIMARY KEY (id);


--
-- Name: employee_documents employee_documents_pkey; Type: CONSTRAINT; Schema: public; Owner: vaqas
--

ALTER TABLE ONLY public.employee_documents
    ADD CONSTRAINT employee_documents_pkey PRIMARY KEY (id);


--
-- Name: employee_emp_payments employee_emp_payments_pkey; Type: CONSTRAINT; Schema: public; Owner: vaqas
--

ALTER TABLE ONLY public.employee_emp_payments
    ADD CONSTRAINT employee_emp_payments_pkey PRIMARY KEY (id);


--
-- Name: employee_employee_interview employee_employee_interview_pkey; Type: CONSTRAINT; Schema: public; Owner: vaqas
--

ALTER TABLE ONLY public.employee_employee_interview
    ADD CONSTRAINT employee_employee_interview_pkey PRIMARY KEY (basic_details_ptr_id);


--
-- Name: employee_employee_joining employee_employee_joining_employee_id_key; Type: CONSTRAINT; Schema: public; Owner: vaqas
--

ALTER TABLE ONLY public.employee_employee_joining
    ADD CONSTRAINT employee_employee_joining_employee_id_key UNIQUE (employee_id);


--
-- Name: employee_employee_joining employee_employee_joining_pkey; Type: CONSTRAINT; Schema: public; Owner: vaqas
--

ALTER TABLE ONLY public.employee_employee_joining
    ADD CONSTRAINT employee_employee_joining_pkey PRIMARY KEY (id);


--
-- Name: employee_finance_table employee_finance_table_loan_account_number_key; Type: CONSTRAINT; Schema: public; Owner: vaqas
--

ALTER TABLE ONLY public.employee_finance_table
    ADD CONSTRAINT employee_finance_table_loan_account_number_key UNIQUE (loan_account_number);


--
-- Name: employee_finance_table employee_finance_table_pkey; Type: CONSTRAINT; Schema: public; Owner: vaqas
--

ALTER TABLE ONLY public.employee_finance_table
    ADD CONSTRAINT employee_finance_table_pkey PRIMARY KEY (id);


--
-- Name: employee_financechoice employee_financechoice_name_key; Type: CONSTRAINT; Schema: public; Owner: vaqas
--

ALTER TABLE ONLY public.employee_financechoice
    ADD CONSTRAINT employee_financechoice_name_key UNIQUE (name);


--
-- Name: employee_financechoice employee_financechoice_pkey; Type: CONSTRAINT; Schema: public; Owner: vaqas
--

ALTER TABLE ONLY public.employee_financechoice
    ADD CONSTRAINT employee_financechoice_pkey PRIMARY KEY (id);


--
-- Name: employee_gaurantor employee_gaurantor_pkey; Type: CONSTRAINT; Schema: public; Owner: vaqas
--

ALTER TABLE ONLY public.employee_gaurantor
    ADD CONSTRAINT employee_gaurantor_pkey PRIMARY KEY (id);


--
-- Name: employee_head employee_head_pkey; Type: CONSTRAINT; Schema: public; Owner: vaqas
--

ALTER TABLE ONLY public.employee_head
    ADD CONSTRAINT employee_head_pkey PRIMARY KEY (id);


--
-- Name: employee_head employee_head_value_key; Type: CONSTRAINT; Schema: public; Owner: vaqas
--

ALTER TABLE ONLY public.employee_head
    ADD CONSTRAINT employee_head_value_key UNIQUE (value);


--
-- Name: employee_id_proof employee_id_proof_pkey; Type: CONSTRAINT; Schema: public; Owner: vaqas
--

ALTER TABLE ONLY public.employee_id_proof
    ADD CONSTRAINT employee_id_proof_pkey PRIMARY KEY (id);


--
-- Name: employee_id_type_choice employee_id_type_choice_id_type_choice_key; Type: CONSTRAINT; Schema: public; Owner: vaqas
--

ALTER TABLE ONLY public.employee_id_type_choice
    ADD CONSTRAINT employee_id_type_choice_id_type_choice_key UNIQUE (id_type_choice);


--
-- Name: employee_id_type_choice employee_id_type_choice_pkey; Type: CONSTRAINT; Schema: public; Owner: vaqas
--

ALTER TABLE ONLY public.employee_id_type_choice
    ADD CONSTRAINT employee_id_type_choice_pkey PRIMARY KEY (id);


--
-- Name: employee_journal_voucher employee_journal_voucher_pkey; Type: CONSTRAINT; Schema: public; Owner: vaqas
--

ALTER TABLE ONLY public.employee_journal_voucher
    ADD CONSTRAINT employee_journal_voucher_pkey PRIMARY KEY (voucher_number);


--
-- Name: employee_major_head employee_major_head_pkey; Type: CONSTRAINT; Schema: public; Owner: vaqas
--

ALTER TABLE ONLY public.employee_major_head
    ADD CONSTRAINT employee_major_head_pkey PRIMARY KEY (id);


--
-- Name: employee_major_head employee_major_head_value_key; Type: CONSTRAINT; Schema: public; Owner: vaqas
--

ALTER TABLE ONLY public.employee_major_head
    ADD CONSTRAINT employee_major_head_value_key UNIQUE (value);


--
-- Name: employee_payment_voucher employee_payment_voucher_pkey; Type: CONSTRAINT; Schema: public; Owner: vaqas
--

ALTER TABLE ONLY public.employee_payment_voucher
    ADD CONSTRAINT employee_payment_voucher_pkey PRIMARY KEY (voucher_number);


--
-- Name: employee_relation_choice employee_relation_choice_pkey; Type: CONSTRAINT; Schema: public; Owner: vaqas
--

ALTER TABLE ONLY public.employee_relation_choice
    ADD CONSTRAINT employee_relation_choice_pkey PRIMARY KEY (id);


--
-- Name: employee_relation_choice employee_relation_choice_relation_choice_key; Type: CONSTRAINT; Schema: public; Owner: vaqas
--

ALTER TABLE ONLY public.employee_relation_choice
    ADD CONSTRAINT employee_relation_choice_relation_choice_key UNIQUE (relation_choice);


--
-- Name: employee_scheme employee_scheme_name_key; Type: CONSTRAINT; Schema: public; Owner: vaqas
--

ALTER TABLE ONLY public.employee_scheme
    ADD CONSTRAINT employee_scheme_name_key UNIQUE (name);


--
-- Name: employee_scheme employee_scheme_pkey; Type: CONSTRAINT; Schema: public; Owner: vaqas
--

ALTER TABLE ONLY public.employee_scheme
    ADD CONSTRAINT employee_scheme_pkey PRIMARY KEY (id);


--
-- Name: employee_state_choice employee_state_choice_pkey; Type: CONSTRAINT; Schema: public; Owner: vaqas
--

ALTER TABLE ONLY public.employee_state_choice
    ADD CONSTRAINT employee_state_choice_pkey PRIMARY KEY (id);


--
-- Name: employee_state_choice employee_state_choice_state_choice_key; Type: CONSTRAINT; Schema: public; Owner: vaqas
--

ALTER TABLE ONLY public.employee_state_choice
    ADD CONSTRAINT employee_state_choice_state_choice_key UNIQUE (state_choice);


--
-- Name: employee_sub_head employee_sub_head_pkey; Type: CONSTRAINT; Schema: public; Owner: vaqas
--

ALTER TABLE ONLY public.employee_sub_head
    ADD CONSTRAINT employee_sub_head_pkey PRIMARY KEY (id);


--
-- Name: employee_sub_head employee_sub_head_value_key; Type: CONSTRAINT; Schema: public; Owner: vaqas
--

ALTER TABLE ONLY public.employee_sub_head
    ADD CONSTRAINT employee_sub_head_value_key UNIQUE (value);


--
-- Name: employee_uploaddocs employee_uploaddocs_pkey; Type: CONSTRAINT; Schema: public; Owner: vaqas
--

ALTER TABLE ONLY public.employee_uploaddocs
    ADD CONSTRAINT employee_uploaddocs_pkey PRIMARY KEY (id);


--
-- Name: employee_voucher employee_voucher_pkey; Type: CONSTRAINT; Schema: public; Owner: vaqas
--

ALTER TABLE ONLY public.employee_voucher
    ADD CONSTRAINT employee_voucher_pkey PRIMARY KEY (voucher_number);


--
-- Name: employee_voucherhead employee_voucherhead_pkey; Type: CONSTRAINT; Schema: public; Owner: vaqas
--

ALTER TABLE ONLY public.employee_voucherhead
    ADD CONSTRAINT employee_voucherhead_pkey PRIMARY KEY (id);


--
-- Name: employee_voucherparticulars employee_voucherparticulars_pkey; Type: CONSTRAINT; Schema: public; Owner: vaqas
--

ALTER TABLE ONLY public.employee_voucherparticulars
    ADD CONSTRAINT employee_voucherparticulars_pkey PRIMARY KEY (id);


--
-- Name: employee_withdrawl_entry employee_withdrawl_entry_bill_no_8867a8bc_uniq; Type: CONSTRAINT; Schema: public; Owner: vaqas
--

ALTER TABLE ONLY public.employee_withdrawl_entry
    ADD CONSTRAINT employee_withdrawl_entry_bill_no_8867a8bc_uniq UNIQUE (bill_no);


--
-- Name: employee_withdrawl_entry employee_withdrawl_entry_pkey; Type: CONSTRAINT; Schema: public; Owner: vaqas
--

ALTER TABLE ONLY public.employee_withdrawl_entry
    ADD CONSTRAINT employee_withdrawl_entry_pkey PRIMARY KEY (id);


--
-- Name: auth_group_name_a6ea08ec_like; Type: INDEX; Schema: public; Owner: vaqas
--

CREATE INDEX auth_group_name_a6ea08ec_like ON public.auth_group USING btree (name varchar_pattern_ops);


--
-- Name: auth_group_permissions_group_id_b120cbf9; Type: INDEX; Schema: public; Owner: vaqas
--

CREATE INDEX auth_group_permissions_group_id_b120cbf9 ON public.auth_group_permissions USING btree (group_id);


--
-- Name: auth_group_permissions_permission_id_84c5c92e; Type: INDEX; Schema: public; Owner: vaqas
--

CREATE INDEX auth_group_permissions_permission_id_84c5c92e ON public.auth_group_permissions USING btree (permission_id);


--
-- Name: auth_permission_content_type_id_2f476e4b; Type: INDEX; Schema: public; Owner: vaqas
--

CREATE INDEX auth_permission_content_type_id_2f476e4b ON public.auth_permission USING btree (content_type_id);


--
-- Name: auth_user_groups_group_id_97559544; Type: INDEX; Schema: public; Owner: vaqas
--

CREATE INDEX auth_user_groups_group_id_97559544 ON public.auth_user_groups USING btree (group_id);


--
-- Name: auth_user_groups_user_id_6a12ed8b; Type: INDEX; Schema: public; Owner: vaqas
--

CREATE INDEX auth_user_groups_user_id_6a12ed8b ON public.auth_user_groups USING btree (user_id);


--
-- Name: auth_user_user_permissions_permission_id_1fbb5f2c; Type: INDEX; Schema: public; Owner: vaqas
--

CREATE INDEX auth_user_user_permissions_permission_id_1fbb5f2c ON public.auth_user_user_permissions USING btree (permission_id);


--
-- Name: auth_user_user_permissions_user_id_a95ead1b; Type: INDEX; Schema: public; Owner: vaqas
--

CREATE INDEX auth_user_user_permissions_user_id_a95ead1b ON public.auth_user_user_permissions USING btree (user_id);


--
-- Name: auth_user_username_6821ab7c_like; Type: INDEX; Schema: public; Owner: vaqas
--

CREATE INDEX auth_user_username_6821ab7c_like ON public.auth_user USING btree (username varchar_pattern_ops);


--
-- Name: django_admin_log_content_type_id_c4bce8eb; Type: INDEX; Schema: public; Owner: vaqas
--

CREATE INDEX django_admin_log_content_type_id_c4bce8eb ON public.django_admin_log USING btree (content_type_id);


--
-- Name: django_admin_log_user_id_c564eba6; Type: INDEX; Schema: public; Owner: vaqas
--

CREATE INDEX django_admin_log_user_id_c564eba6 ON public.django_admin_log USING btree (user_id);


--
-- Name: django_cron_cronjoblog_code_48865653; Type: INDEX; Schema: public; Owner: vaqas
--

CREATE INDEX django_cron_cronjoblog_code_48865653 ON public.django_cron_cronjoblog USING btree (code);


--
-- Name: django_cron_cronjoblog_code_48865653_like; Type: INDEX; Schema: public; Owner: vaqas
--

CREATE INDEX django_cron_cronjoblog_code_48865653_like ON public.django_cron_cronjoblog USING btree (code varchar_pattern_ops);


--
-- Name: django_cron_cronjoblog_code_is_success_ran_at_time_84da9606_idx; Type: INDEX; Schema: public; Owner: vaqas
--

CREATE INDEX django_cron_cronjoblog_code_is_success_ran_at_time_84da9606_idx ON public.django_cron_cronjoblog USING btree (code, is_success, ran_at_time);


--
-- Name: django_cron_cronjoblog_code_start_time_4fc78f9d_idx; Type: INDEX; Schema: public; Owner: vaqas
--

CREATE INDEX django_cron_cronjoblog_code_start_time_4fc78f9d_idx ON public.django_cron_cronjoblog USING btree (code, start_time);


--
-- Name: django_cron_cronjoblog_code_start_time_ran_at_time_8b50b8fa_idx; Type: INDEX; Schema: public; Owner: vaqas
--

CREATE INDEX django_cron_cronjoblog_code_start_time_ran_at_time_8b50b8fa_idx ON public.django_cron_cronjoblog USING btree (code, start_time, ran_at_time);


--
-- Name: django_cron_cronjoblog_end_time_7918602a; Type: INDEX; Schema: public; Owner: vaqas
--

CREATE INDEX django_cron_cronjoblog_end_time_7918602a ON public.django_cron_cronjoblog USING btree (end_time);


--
-- Name: django_cron_cronjoblog_ran_at_time_7fed2751; Type: INDEX; Schema: public; Owner: vaqas
--

CREATE INDEX django_cron_cronjoblog_ran_at_time_7fed2751 ON public.django_cron_cronjoblog USING btree (ran_at_time);


--
-- Name: django_cron_cronjoblog_start_time_d68c0dd9; Type: INDEX; Schema: public; Owner: vaqas
--

CREATE INDEX django_cron_cronjoblog_start_time_d68c0dd9 ON public.django_cron_cronjoblog USING btree (start_time);


--
-- Name: django_session_expire_date_a5c62663; Type: INDEX; Schema: public; Owner: vaqas
--

CREATE INDEX django_session_expire_date_a5c62663 ON public.django_session USING btree (expire_date);


--
-- Name: django_session_session_key_c0390e0f_like; Type: INDEX; Schema: public; Owner: vaqas
--

CREATE INDEX django_session_session_key_c0390e0f_like ON public.django_session USING btree (session_key varchar_pattern_ops);


--
-- Name: employee_approved_finance_table_client_bank_id_2d0239f1; Type: INDEX; Schema: public; Owner: vaqas
--

CREATE INDEX employee_approved_finance_table_client_bank_id_2d0239f1 ON public.employee_approved_finance_table USING btree (client_bank_id);


--
-- Name: employee_approved_finance_table_client_bank_id_2d0239f1_like; Type: INDEX; Schema: public; Owner: vaqas
--

CREATE INDEX employee_approved_finance_table_client_bank_id_2d0239f1_like ON public.employee_approved_finance_table USING btree (client_bank_id varchar_pattern_ops);


--
-- Name: employee_approved_finance_table_person_id_38e7bddc; Type: INDEX; Schema: public; Owner: vaqas
--

CREATE INDEX employee_approved_finance_table_person_id_38e7bddc ON public.employee_approved_finance_table USING btree (person_id);


--
-- Name: employee_approved_finance_table_person_id_38e7bddc_like; Type: INDEX; Schema: public; Owner: vaqas
--

CREATE INDEX employee_approved_finance_table_person_id_38e7bddc_like ON public.employee_approved_finance_table USING btree (person_id varchar_pattern_ops);


--
-- Name: employee_bank_choice_bank_choice_7f1491ed_like; Type: INDEX; Schema: public; Owner: vaqas
--

CREATE INDEX employee_bank_choice_bank_choice_7f1491ed_like ON public.employee_bank_choice USING btree (bank_choice varchar_pattern_ops);


--
-- Name: employee_basic_details_city_id_910ca047; Type: INDEX; Schema: public; Owner: vaqas
--

CREATE INDEX employee_basic_details_city_id_910ca047 ON public.employee_basic_details USING btree (city_id);


--
-- Name: employee_basic_details_city_id_910ca047_like; Type: INDEX; Schema: public; Owner: vaqas
--

CREATE INDEX employee_basic_details_city_id_910ca047_like ON public.employee_basic_details USING btree (city_id varchar_pattern_ops);


--
-- Name: employee_basic_details_country_id_5138a877; Type: INDEX; Schema: public; Owner: vaqas
--

CREATE INDEX employee_basic_details_country_id_5138a877 ON public.employee_basic_details USING btree (country_id);


--
-- Name: employee_basic_details_country_id_5138a877_like; Type: INDEX; Schema: public; Owner: vaqas
--

CREATE INDEX employee_basic_details_country_id_5138a877_like ON public.employee_basic_details USING btree (country_id varchar_pattern_ops);


--
-- Name: employee_basic_details_district_id_24e25d09; Type: INDEX; Schema: public; Owner: vaqas
--

CREATE INDEX employee_basic_details_district_id_24e25d09 ON public.employee_basic_details USING btree (district_id);


--
-- Name: employee_basic_details_district_id_24e25d09_like; Type: INDEX; Schema: public; Owner: vaqas
--

CREATE INDEX employee_basic_details_district_id_24e25d09_like ON public.employee_basic_details USING btree (district_id varchar_pattern_ops);


--
-- Name: employee_basic_details_nomination_number_78058a3b_like; Type: INDEX; Schema: public; Owner: vaqas
--

CREATE INDEX employee_basic_details_nomination_number_78058a3b_like ON public.employee_basic_details USING btree (nomination_number varchar_pattern_ops);


--
-- Name: employee_basic_details_state_id_d23ab4aa; Type: INDEX; Schema: public; Owner: vaqas
--

CREATE INDEX employee_basic_details_state_id_d23ab4aa ON public.employee_basic_details USING btree (state_id);


--
-- Name: employee_basic_details_state_id_d23ab4aa_like; Type: INDEX; Schema: public; Owner: vaqas
--

CREATE INDEX employee_basic_details_state_id_d23ab4aa_like ON public.employee_basic_details USING btree (state_id varchar_pattern_ops);


--
-- Name: employee_branch_choice_branch_choice_ab3d9c59_like; Type: INDEX; Schema: public; Owner: vaqas
--

CREATE INDEX employee_branch_choice_branch_choice_ab3d9c59_like ON public.employee_branch_choice USING btree (branch_choice varchar_pattern_ops);


--
-- Name: employee_cash_collection_employee_id_5b1bc067; Type: INDEX; Schema: public; Owner: vaqas
--

CREATE INDEX employee_cash_collection_employee_id_5b1bc067 ON public.employee_cash_collection USING btree (employee_id);


--
-- Name: employee_cash_collection_employee_id_5b1bc067_like; Type: INDEX; Schema: public; Owner: vaqas
--

CREATE INDEX employee_cash_collection_employee_id_5b1bc067_like ON public.employee_cash_collection USING btree (employee_id varchar_pattern_ops);


--
-- Name: employee_cash_notes_voucher_id_c27993f6; Type: INDEX; Schema: public; Owner: vaqas
--

CREATE INDEX employee_cash_notes_voucher_id_c27993f6 ON public.employee_cash_notes USING btree (voucher_id);


--
-- Name: employee_cheque_details_bank_id_34af2f71; Type: INDEX; Schema: public; Owner: vaqas
--

CREATE INDEX employee_cheque_details_bank_id_34af2f71 ON public.employee_cheque_details USING btree (bank_id);


--
-- Name: employee_cheque_details_bank_id_34af2f71_like; Type: INDEX; Schema: public; Owner: vaqas
--

CREATE INDEX employee_cheque_details_bank_id_34af2f71_like ON public.employee_cheque_details USING btree (bank_id varchar_pattern_ops);


--
-- Name: employee_cheque_details_branch_id_e29358cf; Type: INDEX; Schema: public; Owner: vaqas
--

CREATE INDEX employee_cheque_details_branch_id_e29358cf ON public.employee_cheque_details USING btree (branch_id);


--
-- Name: employee_cheque_details_branch_id_e29358cf_like; Type: INDEX; Schema: public; Owner: vaqas
--

CREATE INDEX employee_cheque_details_branch_id_e29358cf_like ON public.employee_cheque_details USING btree (branch_id varchar_pattern_ops);


--
-- Name: employee_cheque_details_voucher_id_79c91d9e; Type: INDEX; Schema: public; Owner: vaqas
--

CREATE INDEX employee_cheque_details_voucher_id_79c91d9e ON public.employee_cheque_details USING btree (voucher_id);


--
-- Name: employee_city_choice_city_choice_66ae59da_like; Type: INDEX; Schema: public; Owner: vaqas
--

CREATE INDEX employee_city_choice_city_choice_66ae59da_like ON public.employee_city_choice USING btree (city_choice varchar_pattern_ops);


--
-- Name: employee_client_agent_name_id_64d6f28a; Type: INDEX; Schema: public; Owner: vaqas
--

CREATE INDEX employee_client_agent_name_id_64d6f28a ON public.employee_client USING btree (agent_name_id);


--
-- Name: employee_client_agent_name_id_64d6f28a_like; Type: INDEX; Schema: public; Owner: vaqas
--

CREATE INDEX employee_client_agent_name_id_64d6f28a_like ON public.employee_client USING btree (agent_name_id varchar_pattern_ops);


--
-- Name: employee_client_basic_details_ptr_id_e30eccfe_like; Type: INDEX; Schema: public; Owner: vaqas
--

CREATE INDEX employee_client_basic_details_ptr_id_e30eccfe_like ON public.employee_client USING btree (basic_details_ptr_id varchar_pattern_ops);


--
-- Name: employee_client_guardian_relation_id_ac393f10; Type: INDEX; Schema: public; Owner: vaqas
--

CREATE INDEX employee_client_guardian_relation_id_ac393f10 ON public.employee_client USING btree (guardian_relation_id);


--
-- Name: employee_client_guardian_relation_id_ac393f10_like; Type: INDEX; Schema: public; Owner: vaqas
--

CREATE INDEX employee_client_guardian_relation_id_ac393f10_like ON public.employee_client USING btree (guardian_relation_id varchar_pattern_ops);


--
-- Name: employee_client_nominee_relation_id_5c333e3a; Type: INDEX; Schema: public; Owner: vaqas
--

CREATE INDEX employee_client_nominee_relation_id_5c333e3a ON public.employee_client USING btree (nominee_relation_id);


--
-- Name: employee_client_nominee_relation_id_5c333e3a_like; Type: INDEX; Schema: public; Owner: vaqas
--

CREATE INDEX employee_client_nominee_relation_id_5c333e3a_like ON public.employee_client USING btree (nominee_relation_id varchar_pattern_ops);


--
-- Name: employee_collection_deposit_agent_name_id_96189506; Type: INDEX; Schema: public; Owner: vaqas
--

CREATE INDEX employee_collection_deposit_agent_name_id_96189506 ON public.employee_collection_deposit USING btree (agent_name_id);


--
-- Name: employee_collection_deposit_agent_name_id_96189506_like; Type: INDEX; Schema: public; Owner: vaqas
--

CREATE INDEX employee_collection_deposit_agent_name_id_96189506_like ON public.employee_collection_deposit USING btree (agent_name_id varchar_pattern_ops);


--
-- Name: employee_collection_deposit_deposit_id_1203544d; Type: INDEX; Schema: public; Owner: vaqas
--

CREATE INDEX employee_collection_deposit_deposit_id_1203544d ON public.employee_collection_deposit USING btree (deposit_id);


--
-- Name: employee_collection_deposit_person_id_8834b7c2; Type: INDEX; Schema: public; Owner: vaqas
--

CREATE INDEX employee_collection_deposit_person_id_8834b7c2 ON public.employee_collection_deposit USING btree (person_id);


--
-- Name: employee_collection_deposit_person_id_8834b7c2_like; Type: INDEX; Schema: public; Owner: vaqas
--

CREATE INDEX employee_collection_deposit_person_id_8834b7c2_like ON public.employee_collection_deposit USING btree (person_id varchar_pattern_ops);


--
-- Name: employee_collection_finance_agent_name_id_f2e77ba5; Type: INDEX; Schema: public; Owner: vaqas
--

CREATE INDEX employee_collection_finance_agent_name_id_f2e77ba5 ON public.employee_collection_finance USING btree (agent_name_id);


--
-- Name: employee_collection_finance_agent_name_id_f2e77ba5_like; Type: INDEX; Schema: public; Owner: vaqas
--

CREATE INDEX employee_collection_finance_agent_name_id_f2e77ba5_like ON public.employee_collection_finance USING btree (agent_name_id varchar_pattern_ops);


--
-- Name: employee_collection_finance_finance_id_44ddcf21; Type: INDEX; Schema: public; Owner: vaqas
--

CREATE INDEX employee_collection_finance_finance_id_44ddcf21 ON public.employee_collection_finance USING btree (finance_id);


--
-- Name: employee_collection_finance_person_id_1e81ee6b; Type: INDEX; Schema: public; Owner: vaqas
--

CREATE INDEX employee_collection_finance_person_id_1e81ee6b ON public.employee_collection_finance USING btree (person_id);


--
-- Name: employee_collection_finance_person_id_1e81ee6b_like; Type: INDEX; Schema: public; Owner: vaqas
--

CREATE INDEX employee_collection_finance_person_id_1e81ee6b_like ON public.employee_collection_finance USING btree (person_id varchar_pattern_ops);


--
-- Name: employee_contra_voucher_bank_id_7cad99e1; Type: INDEX; Schema: public; Owner: vaqas
--

CREATE INDEX employee_contra_voucher_bank_id_7cad99e1 ON public.employee_contra_voucher USING btree (bank_id);


--
-- Name: employee_contra_voucher_bank_id_7cad99e1_like; Type: INDEX; Schema: public; Owner: vaqas
--

CREATE INDEX employee_contra_voucher_bank_id_7cad99e1_like ON public.employee_contra_voucher USING btree (bank_id varchar_pattern_ops);


--
-- Name: employee_contra_voucher_branch_id_83275ded; Type: INDEX; Schema: public; Owner: vaqas
--

CREATE INDEX employee_contra_voucher_branch_id_83275ded ON public.employee_contra_voucher USING btree (branch_id);


--
-- Name: employee_contra_voucher_branch_id_83275ded_like; Type: INDEX; Schema: public; Owner: vaqas
--

CREATE INDEX employee_contra_voucher_branch_id_83275ded_like ON public.employee_contra_voucher USING btree (branch_id varchar_pattern_ops);


--
-- Name: employee_contra_voucher_head_id_05222e47; Type: INDEX; Schema: public; Owner: vaqas
--

CREATE INDEX employee_contra_voucher_head_id_05222e47 ON public.employee_contra_voucher USING btree (head_id);


--
-- Name: employee_contra_voucher_head_id_05222e47_like; Type: INDEX; Schema: public; Owner: vaqas
--

CREATE INDEX employee_contra_voucher_head_id_05222e47_like ON public.employee_contra_voucher USING btree (head_id varchar_pattern_ops);


--
-- Name: employee_country_choice_country_choice_462e811a_like; Type: INDEX; Schema: public; Owner: vaqas
--

CREATE INDEX employee_country_choice_country_choice_462e811a_like ON public.employee_country_choice USING btree (country_choice varchar_pattern_ops);


--
-- Name: employee_depositchoice_name_9ef3a07b_like; Type: INDEX; Schema: public; Owner: vaqas
--

CREATE INDEX employee_depositchoice_name_9ef3a07b_like ON public.employee_depositchoice USING btree (name varchar_pattern_ops);


--
-- Name: employee_deposits_table_agent_name_id_79c9ea52; Type: INDEX; Schema: public; Owner: vaqas
--

CREATE INDEX employee_deposits_table_agent_name_id_79c9ea52 ON public.employee_deposits_table USING btree (agent_name_id);


--
-- Name: employee_deposits_table_agent_name_id_79c9ea52_like; Type: INDEX; Schema: public; Owner: vaqas
--

CREATE INDEX employee_deposits_table_agent_name_id_79c9ea52_like ON public.employee_deposits_table USING btree (agent_name_id varchar_pattern_ops);


--
-- Name: employee_deposits_table_category_id_cbe834ba; Type: INDEX; Schema: public; Owner: vaqas
--

CREATE INDEX employee_deposits_table_category_id_cbe834ba ON public.employee_deposits_table USING btree (category_id);


--
-- Name: employee_deposits_table_client_bank_id_9b26add9; Type: INDEX; Schema: public; Owner: vaqas
--

CREATE INDEX employee_deposits_table_client_bank_id_9b26add9 ON public.employee_deposits_table USING btree (client_bank_id);


--
-- Name: employee_deposits_table_client_bank_id_9b26add9_like; Type: INDEX; Schema: public; Owner: vaqas
--

CREATE INDEX employee_deposits_table_client_bank_id_9b26add9_like ON public.employee_deposits_table USING btree (client_bank_id varchar_pattern_ops);


--
-- Name: employee_deposits_table_person_id_7fc6745e; Type: INDEX; Schema: public; Owner: vaqas
--

CREATE INDEX employee_deposits_table_person_id_7fc6745e ON public.employee_deposits_table USING btree (person_id);


--
-- Name: employee_deposits_table_person_id_7fc6745e_like; Type: INDEX; Schema: public; Owner: vaqas
--

CREATE INDEX employee_deposits_table_person_id_7fc6745e_like ON public.employee_deposits_table USING btree (person_id varchar_pattern_ops);


--
-- Name: employee_deposits_table_scheme_id_127fd3f5; Type: INDEX; Schema: public; Owner: vaqas
--

CREATE INDEX employee_deposits_table_scheme_id_127fd3f5 ON public.employee_deposits_table USING btree (scheme_id);


--
-- Name: employee_deposits_table_society_account_number_2e4c6e03_like; Type: INDEX; Schema: public; Owner: vaqas
--

CREATE INDEX employee_deposits_table_society_account_number_2e4c6e03_like ON public.employee_deposits_table USING btree (society_account_number varchar_pattern_ops);


--
-- Name: employee_district_choice_district_choice_6f628cf8_like; Type: INDEX; Schema: public; Owner: vaqas
--

CREATE INDEX employee_district_choice_district_choice_6f628cf8_like ON public.employee_district_choice USING btree (district_choice varchar_pattern_ops);


--
-- Name: employee_documents_cli_id_9f422cf8; Type: INDEX; Schema: public; Owner: vaqas
--

CREATE INDEX employee_documents_cli_id_9f422cf8 ON public.employee_documents USING btree (cli_id);


--
-- Name: employee_documents_cli_id_9f422cf8_like; Type: INDEX; Schema: public; Owner: vaqas
--

CREATE INDEX employee_documents_cli_id_9f422cf8_like ON public.employee_documents USING btree (cli_id varchar_pattern_ops);


--
-- Name: employee_emp_payments_cash_col_id_98846d0b; Type: INDEX; Schema: public; Owner: vaqas
--

CREATE INDEX employee_emp_payments_cash_col_id_98846d0b ON public.employee_emp_payments USING btree (cash_col_id);


--
-- Name: employee_employee_interview_basic_details_ptr_id_92915326_like; Type: INDEX; Schema: public; Owner: vaqas
--

CREATE INDEX employee_employee_interview_basic_details_ptr_id_92915326_like ON public.employee_employee_interview USING btree (basic_details_ptr_id varchar_pattern_ops);


--
-- Name: employee_employee_interview_referal_id_02761282; Type: INDEX; Schema: public; Owner: vaqas
--

CREATE INDEX employee_employee_interview_referal_id_02761282 ON public.employee_employee_interview USING btree (referal_id);


--
-- Name: employee_employee_interview_referal_id_02761282_like; Type: INDEX; Schema: public; Owner: vaqas
--

CREATE INDEX employee_employee_interview_referal_id_02761282_like ON public.employee_employee_interview USING btree (referal_id varchar_pattern_ops);


--
-- Name: employee_employee_joining_employee_id_0b5fa6c3_like; Type: INDEX; Schema: public; Owner: vaqas
--

CREATE INDEX employee_employee_joining_employee_id_0b5fa6c3_like ON public.employee_employee_joining USING btree (employee_id varchar_pattern_ops);


--
-- Name: employee_finance_table_agent_name_id_3e8a6e9c; Type: INDEX; Schema: public; Owner: vaqas
--

CREATE INDEX employee_finance_table_agent_name_id_3e8a6e9c ON public.employee_finance_table USING btree (agent_name_id);


--
-- Name: employee_finance_table_agent_name_id_3e8a6e9c_like; Type: INDEX; Schema: public; Owner: vaqas
--

CREATE INDEX employee_finance_table_agent_name_id_3e8a6e9c_like ON public.employee_finance_table USING btree (agent_name_id varchar_pattern_ops);


--
-- Name: employee_finance_table_gaurantor_id_22fd2bfb; Type: INDEX; Schema: public; Owner: vaqas
--

CREATE INDEX employee_finance_table_gaurantor_id_22fd2bfb ON public.employee_finance_table USING btree (gaurantor_id);


--
-- Name: employee_finance_table_loan_account_number_7178ae73_like; Type: INDEX; Schema: public; Owner: vaqas
--

CREATE INDEX employee_finance_table_loan_account_number_7178ae73_like ON public.employee_finance_table USING btree (loan_account_number varchar_pattern_ops);


--
-- Name: employee_finance_table_loan_type_id_d6939d82; Type: INDEX; Schema: public; Owner: vaqas
--

CREATE INDEX employee_finance_table_loan_type_id_d6939d82 ON public.employee_finance_table USING btree (loan_type_id);


--
-- Name: employee_finance_table_person_id_8d0cdd8d; Type: INDEX; Schema: public; Owner: vaqas
--

CREATE INDEX employee_finance_table_person_id_8d0cdd8d ON public.employee_finance_table USING btree (person_id);


--
-- Name: employee_finance_table_person_id_8d0cdd8d_like; Type: INDEX; Schema: public; Owner: vaqas
--

CREATE INDEX employee_finance_table_person_id_8d0cdd8d_like ON public.employee_finance_table USING btree (person_id varchar_pattern_ops);


--
-- Name: employee_financechoice_name_ba4326a5_like; Type: INDEX; Schema: public; Owner: vaqas
--

CREATE INDEX employee_financechoice_name_ba4326a5_like ON public.employee_financechoice USING btree (name varchar_pattern_ops);


--
-- Name: employee_head_value_4feaaa1a_like; Type: INDEX; Schema: public; Owner: vaqas
--

CREATE INDEX employee_head_value_4feaaa1a_like ON public.employee_head USING btree (value varchar_pattern_ops);


--
-- Name: employee_id_proof_id_type_id_c018f5f0; Type: INDEX; Schema: public; Owner: vaqas
--

CREATE INDEX employee_id_proof_id_type_id_c018f5f0 ON public.employee_id_proof USING btree (id_type_id);


--
-- Name: employee_id_proof_id_type_id_c018f5f0_like; Type: INDEX; Schema: public; Owner: vaqas
--

CREATE INDEX employee_id_proof_id_type_id_c018f5f0_like ON public.employee_id_proof USING btree (id_type_id varchar_pattern_ops);


--
-- Name: employee_id_type_choice_id_type_choice_ceeebc64_like; Type: INDEX; Schema: public; Owner: vaqas
--

CREATE INDEX employee_id_type_choice_id_type_choice_ceeebc64_like ON public.employee_id_type_choice USING btree (id_type_choice varchar_pattern_ops);


--
-- Name: employee_journal_voucher_head_id_f225766e; Type: INDEX; Schema: public; Owner: vaqas
--

CREATE INDEX employee_journal_voucher_head_id_f225766e ON public.employee_journal_voucher USING btree (head_id);


--
-- Name: employee_journal_voucher_head_id_f225766e_like; Type: INDEX; Schema: public; Owner: vaqas
--

CREATE INDEX employee_journal_voucher_head_id_f225766e_like ON public.employee_journal_voucher USING btree (head_id varchar_pattern_ops);


--
-- Name: employee_journal_voucher_major_head_id_7e4482a4; Type: INDEX; Schema: public; Owner: vaqas
--

CREATE INDEX employee_journal_voucher_major_head_id_7e4482a4 ON public.employee_journal_voucher USING btree (major_head_id);


--
-- Name: employee_journal_voucher_major_head_id_7e4482a4_like; Type: INDEX; Schema: public; Owner: vaqas
--

CREATE INDEX employee_journal_voucher_major_head_id_7e4482a4_like ON public.employee_journal_voucher USING btree (major_head_id varchar_pattern_ops);


--
-- Name: employee_journal_voucher_sub_head_id_9a515f9d; Type: INDEX; Schema: public; Owner: vaqas
--

CREATE INDEX employee_journal_voucher_sub_head_id_9a515f9d ON public.employee_journal_voucher USING btree (sub_head_id);


--
-- Name: employee_journal_voucher_sub_head_id_9a515f9d_like; Type: INDEX; Schema: public; Owner: vaqas
--

CREATE INDEX employee_journal_voucher_sub_head_id_9a515f9d_like ON public.employee_journal_voucher USING btree (sub_head_id varchar_pattern_ops);


--
-- Name: employee_major_head_value_d533b534_like; Type: INDEX; Schema: public; Owner: vaqas
--

CREATE INDEX employee_major_head_value_d533b534_like ON public.employee_major_head USING btree (value varchar_pattern_ops);


--
-- Name: employee_payment_voucher_bank_id_a51de71a; Type: INDEX; Schema: public; Owner: vaqas
--

CREATE INDEX employee_payment_voucher_bank_id_a51de71a ON public.employee_payment_voucher USING btree (bank_id);


--
-- Name: employee_payment_voucher_bank_id_a51de71a_like; Type: INDEX; Schema: public; Owner: vaqas
--

CREATE INDEX employee_payment_voucher_bank_id_a51de71a_like ON public.employee_payment_voucher USING btree (bank_id varchar_pattern_ops);


--
-- Name: employee_payment_voucher_branch_id_1b187c35; Type: INDEX; Schema: public; Owner: vaqas
--

CREATE INDEX employee_payment_voucher_branch_id_1b187c35 ON public.employee_payment_voucher USING btree (branch_id);


--
-- Name: employee_payment_voucher_branch_id_1b187c35_like; Type: INDEX; Schema: public; Owner: vaqas
--

CREATE INDEX employee_payment_voucher_branch_id_1b187c35_like ON public.employee_payment_voucher USING btree (branch_id varchar_pattern_ops);


--
-- Name: employee_payment_voucher_head_id_0e3df63f; Type: INDEX; Schema: public; Owner: vaqas
--

CREATE INDEX employee_payment_voucher_head_id_0e3df63f ON public.employee_payment_voucher USING btree (head_id);


--
-- Name: employee_payment_voucher_head_id_0e3df63f_like; Type: INDEX; Schema: public; Owner: vaqas
--

CREATE INDEX employee_payment_voucher_head_id_0e3df63f_like ON public.employee_payment_voucher USING btree (head_id varchar_pattern_ops);


--
-- Name: employee_payment_voucher_major_head_id_cae50b2c; Type: INDEX; Schema: public; Owner: vaqas
--

CREATE INDEX employee_payment_voucher_major_head_id_cae50b2c ON public.employee_payment_voucher USING btree (major_head_id);


--
-- Name: employee_payment_voucher_major_head_id_cae50b2c_like; Type: INDEX; Schema: public; Owner: vaqas
--

CREATE INDEX employee_payment_voucher_major_head_id_cae50b2c_like ON public.employee_payment_voucher USING btree (major_head_id varchar_pattern_ops);


--
-- Name: employee_payment_voucher_sub_head_id_dd92434f; Type: INDEX; Schema: public; Owner: vaqas
--

CREATE INDEX employee_payment_voucher_sub_head_id_dd92434f ON public.employee_payment_voucher USING btree (sub_head_id);


--
-- Name: employee_payment_voucher_sub_head_id_dd92434f_like; Type: INDEX; Schema: public; Owner: vaqas
--

CREATE INDEX employee_payment_voucher_sub_head_id_dd92434f_like ON public.employee_payment_voucher USING btree (sub_head_id varchar_pattern_ops);


--
-- Name: employee_relation_choice_relation_choice_151583bb_like; Type: INDEX; Schema: public; Owner: vaqas
--

CREATE INDEX employee_relation_choice_relation_choice_151583bb_like ON public.employee_relation_choice USING btree (relation_choice varchar_pattern_ops);


--
-- Name: employee_scheme_name_61cfbfa1_like; Type: INDEX; Schema: public; Owner: vaqas
--

CREATE INDEX employee_scheme_name_61cfbfa1_like ON public.employee_scheme USING btree (name varchar_pattern_ops);


--
-- Name: employee_state_choice_state_choice_e1ec2ba2_like; Type: INDEX; Schema: public; Owner: vaqas
--

CREATE INDEX employee_state_choice_state_choice_e1ec2ba2_like ON public.employee_state_choice USING btree (state_choice varchar_pattern_ops);


--
-- Name: employee_sub_head_value_9c10a6d9_like; Type: INDEX; Schema: public; Owner: vaqas
--

CREATE INDEX employee_sub_head_value_9c10a6d9_like ON public.employee_sub_head USING btree (value varchar_pattern_ops);


--
-- Name: employee_voucherhead_voucher_id_0c44e120; Type: INDEX; Schema: public; Owner: vaqas
--

CREATE INDEX employee_voucherhead_voucher_id_0c44e120 ON public.employee_voucherhead USING btree (voucher_id);


--
-- Name: employee_voucherparticulars_voucher_id_ee062302; Type: INDEX; Schema: public; Owner: vaqas
--

CREATE INDEX employee_voucherparticulars_voucher_id_ee062302 ON public.employee_voucherparticulars USING btree (voucher_id);


--
-- Name: employee_withdrawl_entry_society_account_id_4088064c; Type: INDEX; Schema: public; Owner: vaqas
--

CREATE INDEX employee_withdrawl_entry_society_account_id_4088064c ON public.employee_withdrawl_entry USING btree (society_account_id);


--
-- Name: auth_group_permissions auth_group_permissio_permission_id_84c5c92e_fk_auth_perm; Type: FK CONSTRAINT; Schema: public; Owner: vaqas
--

ALTER TABLE ONLY public.auth_group_permissions
    ADD CONSTRAINT auth_group_permissio_permission_id_84c5c92e_fk_auth_perm FOREIGN KEY (permission_id) REFERENCES public.auth_permission(id) DEFERRABLE INITIALLY DEFERRED;


--
-- Name: auth_group_permissions auth_group_permissions_group_id_b120cbf9_fk_auth_group_id; Type: FK CONSTRAINT; Schema: public; Owner: vaqas
--

ALTER TABLE ONLY public.auth_group_permissions
    ADD CONSTRAINT auth_group_permissions_group_id_b120cbf9_fk_auth_group_id FOREIGN KEY (group_id) REFERENCES public.auth_group(id) DEFERRABLE INITIALLY DEFERRED;


--
-- Name: auth_permission auth_permission_content_type_id_2f476e4b_fk_django_co; Type: FK CONSTRAINT; Schema: public; Owner: vaqas
--

ALTER TABLE ONLY public.auth_permission
    ADD CONSTRAINT auth_permission_content_type_id_2f476e4b_fk_django_co FOREIGN KEY (content_type_id) REFERENCES public.django_content_type(id) DEFERRABLE INITIALLY DEFERRED;


--
-- Name: auth_user_groups auth_user_groups_group_id_97559544_fk_auth_group_id; Type: FK CONSTRAINT; Schema: public; Owner: vaqas
--

ALTER TABLE ONLY public.auth_user_groups
    ADD CONSTRAINT auth_user_groups_group_id_97559544_fk_auth_group_id FOREIGN KEY (group_id) REFERENCES public.auth_group(id) DEFERRABLE INITIALLY DEFERRED;


--
-- Name: auth_user_groups auth_user_groups_user_id_6a12ed8b_fk_auth_user_id; Type: FK CONSTRAINT; Schema: public; Owner: vaqas
--

ALTER TABLE ONLY public.auth_user_groups
    ADD CONSTRAINT auth_user_groups_user_id_6a12ed8b_fk_auth_user_id FOREIGN KEY (user_id) REFERENCES public.auth_user(id) DEFERRABLE INITIALLY DEFERRED;


--
-- Name: auth_user_user_permissions auth_user_user_permi_permission_id_1fbb5f2c_fk_auth_perm; Type: FK CONSTRAINT; Schema: public; Owner: vaqas
--

ALTER TABLE ONLY public.auth_user_user_permissions
    ADD CONSTRAINT auth_user_user_permi_permission_id_1fbb5f2c_fk_auth_perm FOREIGN KEY (permission_id) REFERENCES public.auth_permission(id) DEFERRABLE INITIALLY DEFERRED;


--
-- Name: auth_user_user_permissions auth_user_user_permissions_user_id_a95ead1b_fk_auth_user_id; Type: FK CONSTRAINT; Schema: public; Owner: vaqas
--

ALTER TABLE ONLY public.auth_user_user_permissions
    ADD CONSTRAINT auth_user_user_permissions_user_id_a95ead1b_fk_auth_user_id FOREIGN KEY (user_id) REFERENCES public.auth_user(id) DEFERRABLE INITIALLY DEFERRED;


--
-- Name: django_admin_log django_admin_log_content_type_id_c4bce8eb_fk_django_co; Type: FK CONSTRAINT; Schema: public; Owner: vaqas
--

ALTER TABLE ONLY public.django_admin_log
    ADD CONSTRAINT django_admin_log_content_type_id_c4bce8eb_fk_django_co FOREIGN KEY (content_type_id) REFERENCES public.django_content_type(id) DEFERRABLE INITIALLY DEFERRED;


--
-- Name: django_admin_log django_admin_log_user_id_c564eba6_fk_auth_user_id; Type: FK CONSTRAINT; Schema: public; Owner: vaqas
--

ALTER TABLE ONLY public.django_admin_log
    ADD CONSTRAINT django_admin_log_user_id_c564eba6_fk_auth_user_id FOREIGN KEY (user_id) REFERENCES public.auth_user(id) DEFERRABLE INITIALLY DEFERRED;


--
-- Name: employee_approved_finance_table employee_approved_fi_client_bank_id_2d0239f1_fk_employee_; Type: FK CONSTRAINT; Schema: public; Owner: vaqas
--

ALTER TABLE ONLY public.employee_approved_finance_table
    ADD CONSTRAINT employee_approved_fi_client_bank_id_2d0239f1_fk_employee_ FOREIGN KEY (client_bank_id) REFERENCES public.employee_bank_choice(bank_choice) DEFERRABLE INITIALLY DEFERRED;


--
-- Name: employee_approved_finance_table employee_approved_fi_finance_id_911c0e00_fk_employee_; Type: FK CONSTRAINT; Schema: public; Owner: vaqas
--

ALTER TABLE ONLY public.employee_approved_finance_table
    ADD CONSTRAINT employee_approved_fi_finance_id_911c0e00_fk_employee_ FOREIGN KEY (finance_id) REFERENCES public.employee_finance_table(id) DEFERRABLE INITIALLY DEFERRED;


--
-- Name: employee_approved_finance_table employee_approved_fi_person_id_38e7bddc_fk_employee_; Type: FK CONSTRAINT; Schema: public; Owner: vaqas
--

ALTER TABLE ONLY public.employee_approved_finance_table
    ADD CONSTRAINT employee_approved_fi_person_id_38e7bddc_fk_employee_ FOREIGN KEY (person_id) REFERENCES public.employee_client(basic_details_ptr_id) DEFERRABLE INITIALLY DEFERRED;


--
-- Name: employee_basic_details employee_basic_detai_city_id_910ca047_fk_employee_; Type: FK CONSTRAINT; Schema: public; Owner: vaqas
--

ALTER TABLE ONLY public.employee_basic_details
    ADD CONSTRAINT employee_basic_detai_city_id_910ca047_fk_employee_ FOREIGN KEY (city_id) REFERENCES public.employee_city_choice(city_choice) DEFERRABLE INITIALLY DEFERRED;


--
-- Name: employee_basic_details employee_basic_detai_country_id_5138a877_fk_employee_; Type: FK CONSTRAINT; Schema: public; Owner: vaqas
--

ALTER TABLE ONLY public.employee_basic_details
    ADD CONSTRAINT employee_basic_detai_country_id_5138a877_fk_employee_ FOREIGN KEY (country_id) REFERENCES public.employee_country_choice(country_choice) DEFERRABLE INITIALLY DEFERRED;


--
-- Name: employee_basic_details employee_basic_detai_district_id_24e25d09_fk_employee_; Type: FK CONSTRAINT; Schema: public; Owner: vaqas
--

ALTER TABLE ONLY public.employee_basic_details
    ADD CONSTRAINT employee_basic_detai_district_id_24e25d09_fk_employee_ FOREIGN KEY (district_id) REFERENCES public.employee_district_choice(district_choice) DEFERRABLE INITIALLY DEFERRED;


--
-- Name: employee_basic_details employee_basic_detai_state_id_d23ab4aa_fk_employee_; Type: FK CONSTRAINT; Schema: public; Owner: vaqas
--

ALTER TABLE ONLY public.employee_basic_details
    ADD CONSTRAINT employee_basic_detai_state_id_d23ab4aa_fk_employee_ FOREIGN KEY (state_id) REFERENCES public.employee_state_choice(state_choice) DEFERRABLE INITIALLY DEFERRED;


--
-- Name: employee_cash_collection employee_cash_collec_employee_id_5b1bc067_fk_employee_; Type: FK CONSTRAINT; Schema: public; Owner: vaqas
--

ALTER TABLE ONLY public.employee_cash_collection
    ADD CONSTRAINT employee_cash_collec_employee_id_5b1bc067_fk_employee_ FOREIGN KEY (employee_id) REFERENCES public.employee_employee_interview(basic_details_ptr_id) DEFERRABLE INITIALLY DEFERRED;


--
-- Name: employee_cash_notes employee_cash_notes_voucher_id_c27993f6_fk_employee_; Type: FK CONSTRAINT; Schema: public; Owner: vaqas
--

ALTER TABLE ONLY public.employee_cash_notes
    ADD CONSTRAINT employee_cash_notes_voucher_id_c27993f6_fk_employee_ FOREIGN KEY (voucher_id) REFERENCES public.employee_voucher(voucher_number) DEFERRABLE INITIALLY DEFERRED;


--
-- Name: employee_cheque_details employee_cheque_deta_bank_id_34af2f71_fk_employee_; Type: FK CONSTRAINT; Schema: public; Owner: vaqas
--

ALTER TABLE ONLY public.employee_cheque_details
    ADD CONSTRAINT employee_cheque_deta_bank_id_34af2f71_fk_employee_ FOREIGN KEY (bank_id) REFERENCES public.employee_bank_choice(bank_choice) DEFERRABLE INITIALLY DEFERRED;


--
-- Name: employee_cheque_details employee_cheque_deta_branch_id_e29358cf_fk_employee_; Type: FK CONSTRAINT; Schema: public; Owner: vaqas
--

ALTER TABLE ONLY public.employee_cheque_details
    ADD CONSTRAINT employee_cheque_deta_branch_id_e29358cf_fk_employee_ FOREIGN KEY (branch_id) REFERENCES public.employee_branch_choice(branch_choice) DEFERRABLE INITIALLY DEFERRED;


--
-- Name: employee_cheque_details employee_cheque_deta_voucher_id_79c91d9e_fk_employee_; Type: FK CONSTRAINT; Schema: public; Owner: vaqas
--

ALTER TABLE ONLY public.employee_cheque_details
    ADD CONSTRAINT employee_cheque_deta_voucher_id_79c91d9e_fk_employee_ FOREIGN KEY (voucher_id) REFERENCES public.employee_voucher(voucher_number) DEFERRABLE INITIALLY DEFERRED;


--
-- Name: employee_client employee_client_agent_name_id_64d6f28a_fk_employee_; Type: FK CONSTRAINT; Schema: public; Owner: vaqas
--

ALTER TABLE ONLY public.employee_client
    ADD CONSTRAINT employee_client_agent_name_id_64d6f28a_fk_employee_ FOREIGN KEY (agent_name_id) REFERENCES public.employee_employee_interview(basic_details_ptr_id) DEFERRABLE INITIALLY DEFERRED;


--
-- Name: employee_client employee_client_basic_details_ptr_id_e30eccfe_fk_employee_; Type: FK CONSTRAINT; Schema: public; Owner: vaqas
--

ALTER TABLE ONLY public.employee_client
    ADD CONSTRAINT employee_client_basic_details_ptr_id_e30eccfe_fk_employee_ FOREIGN KEY (basic_details_ptr_id) REFERENCES public.employee_basic_details(nomination_number) DEFERRABLE INITIALLY DEFERRED;


--
-- Name: employee_client employee_client_guardian_relation_id_ac393f10_fk_employee_; Type: FK CONSTRAINT; Schema: public; Owner: vaqas
--

ALTER TABLE ONLY public.employee_client
    ADD CONSTRAINT employee_client_guardian_relation_id_ac393f10_fk_employee_ FOREIGN KEY (guardian_relation_id) REFERENCES public.employee_relation_choice(relation_choice) DEFERRABLE INITIALLY DEFERRED;


--
-- Name: employee_client employee_client_id_proof_ptr_id_4832ea9a_fk_employee_; Type: FK CONSTRAINT; Schema: public; Owner: vaqas
--

ALTER TABLE ONLY public.employee_client
    ADD CONSTRAINT employee_client_id_proof_ptr_id_4832ea9a_fk_employee_ FOREIGN KEY (id_proof_ptr_id) REFERENCES public.employee_id_proof(id) DEFERRABLE INITIALLY DEFERRED;


--
-- Name: employee_client employee_client_nominee_relation_id_5c333e3a_fk_employee_; Type: FK CONSTRAINT; Schema: public; Owner: vaqas
--

ALTER TABLE ONLY public.employee_client
    ADD CONSTRAINT employee_client_nominee_relation_id_5c333e3a_fk_employee_ FOREIGN KEY (nominee_relation_id) REFERENCES public.employee_relation_choice(relation_choice) DEFERRABLE INITIALLY DEFERRED;


--
-- Name: employee_collection_deposit employee_collection__agent_name_id_96189506_fk_employee_; Type: FK CONSTRAINT; Schema: public; Owner: vaqas
--

ALTER TABLE ONLY public.employee_collection_deposit
    ADD CONSTRAINT employee_collection__agent_name_id_96189506_fk_employee_ FOREIGN KEY (agent_name_id) REFERENCES public.employee_employee_interview(basic_details_ptr_id) DEFERRABLE INITIALLY DEFERRED;


--
-- Name: employee_collection_finance employee_collection__agent_name_id_f2e77ba5_fk_employee_; Type: FK CONSTRAINT; Schema: public; Owner: vaqas
--

ALTER TABLE ONLY public.employee_collection_finance
    ADD CONSTRAINT employee_collection__agent_name_id_f2e77ba5_fk_employee_ FOREIGN KEY (agent_name_id) REFERENCES public.employee_employee_interview(basic_details_ptr_id) DEFERRABLE INITIALLY DEFERRED;


--
-- Name: employee_collection_deposit employee_collection__deposit_id_1203544d_fk_employee_; Type: FK CONSTRAINT; Schema: public; Owner: vaqas
--

ALTER TABLE ONLY public.employee_collection_deposit
    ADD CONSTRAINT employee_collection__deposit_id_1203544d_fk_employee_ FOREIGN KEY (deposit_id) REFERENCES public.employee_deposits_table(id) DEFERRABLE INITIALLY DEFERRED;


--
-- Name: employee_collection_finance employee_collection__finance_id_44ddcf21_fk_employee_; Type: FK CONSTRAINT; Schema: public; Owner: vaqas
--

ALTER TABLE ONLY public.employee_collection_finance
    ADD CONSTRAINT employee_collection__finance_id_44ddcf21_fk_employee_ FOREIGN KEY (finance_id) REFERENCES public.employee_approved_finance_table(id) DEFERRABLE INITIALLY DEFERRED;


--
-- Name: employee_collection_finance employee_collection__person_id_1e81ee6b_fk_employee_; Type: FK CONSTRAINT; Schema: public; Owner: vaqas
--

ALTER TABLE ONLY public.employee_collection_finance
    ADD CONSTRAINT employee_collection__person_id_1e81ee6b_fk_employee_ FOREIGN KEY (person_id) REFERENCES public.employee_client(basic_details_ptr_id) DEFERRABLE INITIALLY DEFERRED;


--
-- Name: employee_collection_deposit employee_collection__person_id_8834b7c2_fk_employee_; Type: FK CONSTRAINT; Schema: public; Owner: vaqas
--

ALTER TABLE ONLY public.employee_collection_deposit
    ADD CONSTRAINT employee_collection__person_id_8834b7c2_fk_employee_ FOREIGN KEY (person_id) REFERENCES public.employee_client(basic_details_ptr_id) DEFERRABLE INITIALLY DEFERRED;


--
-- Name: employee_contra_voucher employee_contra_vouc_bank_id_7cad99e1_fk_employee_; Type: FK CONSTRAINT; Schema: public; Owner: vaqas
--

ALTER TABLE ONLY public.employee_contra_voucher
    ADD CONSTRAINT employee_contra_vouc_bank_id_7cad99e1_fk_employee_ FOREIGN KEY (bank_id) REFERENCES public.employee_bank_choice(bank_choice) DEFERRABLE INITIALLY DEFERRED;


--
-- Name: employee_contra_voucher employee_contra_vouc_branch_id_83275ded_fk_employee_; Type: FK CONSTRAINT; Schema: public; Owner: vaqas
--

ALTER TABLE ONLY public.employee_contra_voucher
    ADD CONSTRAINT employee_contra_vouc_branch_id_83275ded_fk_employee_ FOREIGN KEY (branch_id) REFERENCES public.employee_branch_choice(branch_choice) DEFERRABLE INITIALLY DEFERRED;


--
-- Name: employee_contra_voucher employee_contra_voucher_head_id_05222e47_fk_employee_head_value; Type: FK CONSTRAINT; Schema: public; Owner: vaqas
--

ALTER TABLE ONLY public.employee_contra_voucher
    ADD CONSTRAINT employee_contra_voucher_head_id_05222e47_fk_employee_head_value FOREIGN KEY (head_id) REFERENCES public.employee_head(value) DEFERRABLE INITIALLY DEFERRED;


--
-- Name: employee_deposits_table employee_deposits_ta_agent_name_id_79c9ea52_fk_employee_; Type: FK CONSTRAINT; Schema: public; Owner: vaqas
--

ALTER TABLE ONLY public.employee_deposits_table
    ADD CONSTRAINT employee_deposits_ta_agent_name_id_79c9ea52_fk_employee_ FOREIGN KEY (agent_name_id) REFERENCES public.employee_employee_interview(basic_details_ptr_id) DEFERRABLE INITIALLY DEFERRED;


--
-- Name: employee_deposits_table employee_deposits_ta_category_id_cbe834ba_fk_employee_; Type: FK CONSTRAINT; Schema: public; Owner: vaqas
--

ALTER TABLE ONLY public.employee_deposits_table
    ADD CONSTRAINT employee_deposits_ta_category_id_cbe834ba_fk_employee_ FOREIGN KEY (category_id) REFERENCES public.employee_depositchoice(id) DEFERRABLE INITIALLY DEFERRED;


--
-- Name: employee_deposits_table employee_deposits_ta_client_bank_id_9b26add9_fk_employee_; Type: FK CONSTRAINT; Schema: public; Owner: vaqas
--

ALTER TABLE ONLY public.employee_deposits_table
    ADD CONSTRAINT employee_deposits_ta_client_bank_id_9b26add9_fk_employee_ FOREIGN KEY (client_bank_id) REFERENCES public.employee_bank_choice(bank_choice) DEFERRABLE INITIALLY DEFERRED;


--
-- Name: employee_deposits_table employee_deposits_ta_person_id_7fc6745e_fk_employee_; Type: FK CONSTRAINT; Schema: public; Owner: vaqas
--

ALTER TABLE ONLY public.employee_deposits_table
    ADD CONSTRAINT employee_deposits_ta_person_id_7fc6745e_fk_employee_ FOREIGN KEY (person_id) REFERENCES public.employee_client(basic_details_ptr_id) DEFERRABLE INITIALLY DEFERRED;


--
-- Name: employee_deposits_table employee_deposits_ta_scheme_id_127fd3f5_fk_employee_; Type: FK CONSTRAINT; Schema: public; Owner: vaqas
--

ALTER TABLE ONLY public.employee_deposits_table
    ADD CONSTRAINT employee_deposits_ta_scheme_id_127fd3f5_fk_employee_ FOREIGN KEY (scheme_id) REFERENCES public.employee_scheme(id) DEFERRABLE INITIALLY DEFERRED;


--
-- Name: employee_documents employee_documents_cli_id_9f422cf8_fk_employee_; Type: FK CONSTRAINT; Schema: public; Owner: vaqas
--

ALTER TABLE ONLY public.employee_documents
    ADD CONSTRAINT employee_documents_cli_id_9f422cf8_fk_employee_ FOREIGN KEY (cli_id) REFERENCES public.employee_client(basic_details_ptr_id) DEFERRABLE INITIALLY DEFERRED;


--
-- Name: employee_emp_payments employee_emp_payment_cash_col_id_98846d0b_fk_employee_; Type: FK CONSTRAINT; Schema: public; Owner: vaqas
--

ALTER TABLE ONLY public.employee_emp_payments
    ADD CONSTRAINT employee_emp_payment_cash_col_id_98846d0b_fk_employee_ FOREIGN KEY (cash_col_id) REFERENCES public.employee_cash_collection(id) DEFERRABLE INITIALLY DEFERRED;


--
-- Name: employee_employee_interview employee_employee_in_basic_details_ptr_id_92915326_fk_employee_; Type: FK CONSTRAINT; Schema: public; Owner: vaqas
--

ALTER TABLE ONLY public.employee_employee_interview
    ADD CONSTRAINT employee_employee_in_basic_details_ptr_id_92915326_fk_employee_ FOREIGN KEY (basic_details_ptr_id) REFERENCES public.employee_basic_details(nomination_number) DEFERRABLE INITIALLY DEFERRED;


--
-- Name: employee_employee_interview employee_employee_in_referal_id_02761282_fk_employee_; Type: FK CONSTRAINT; Schema: public; Owner: vaqas
--

ALTER TABLE ONLY public.employee_employee_interview
    ADD CONSTRAINT employee_employee_in_referal_id_02761282_fk_employee_ FOREIGN KEY (referal_id) REFERENCES public.employee_employee_interview(basic_details_ptr_id) DEFERRABLE INITIALLY DEFERRED;


--
-- Name: employee_employee_joining employee_employee_jo_employee_id_0b5fa6c3_fk_employee_; Type: FK CONSTRAINT; Schema: public; Owner: vaqas
--

ALTER TABLE ONLY public.employee_employee_joining
    ADD CONSTRAINT employee_employee_jo_employee_id_0b5fa6c3_fk_employee_ FOREIGN KEY (employee_id) REFERENCES public.employee_employee_interview(basic_details_ptr_id) DEFERRABLE INITIALLY DEFERRED;


--
-- Name: employee_finance_table employee_finance_tab_agent_name_id_3e8a6e9c_fk_employee_; Type: FK CONSTRAINT; Schema: public; Owner: vaqas
--

ALTER TABLE ONLY public.employee_finance_table
    ADD CONSTRAINT employee_finance_tab_agent_name_id_3e8a6e9c_fk_employee_ FOREIGN KEY (agent_name_id) REFERENCES public.employee_employee_interview(basic_details_ptr_id) DEFERRABLE INITIALLY DEFERRED;


--
-- Name: employee_finance_table employee_finance_tab_gaurantor_id_22fd2bfb_fk_employee_; Type: FK CONSTRAINT; Schema: public; Owner: vaqas
--

ALTER TABLE ONLY public.employee_finance_table
    ADD CONSTRAINT employee_finance_tab_gaurantor_id_22fd2bfb_fk_employee_ FOREIGN KEY (gaurantor_id) REFERENCES public.employee_gaurantor(id) DEFERRABLE INITIALLY DEFERRED;


--
-- Name: employee_finance_table employee_finance_tab_loan_type_id_d6939d82_fk_employee_; Type: FK CONSTRAINT; Schema: public; Owner: vaqas
--

ALTER TABLE ONLY public.employee_finance_table
    ADD CONSTRAINT employee_finance_tab_loan_type_id_d6939d82_fk_employee_ FOREIGN KEY (loan_type_id) REFERENCES public.employee_financechoice(id) DEFERRABLE INITIALLY DEFERRED;


--
-- Name: employee_finance_table employee_finance_tab_person_id_8d0cdd8d_fk_employee_; Type: FK CONSTRAINT; Schema: public; Owner: vaqas
--

ALTER TABLE ONLY public.employee_finance_table
    ADD CONSTRAINT employee_finance_tab_person_id_8d0cdd8d_fk_employee_ FOREIGN KEY (person_id) REFERENCES public.employee_client(basic_details_ptr_id) DEFERRABLE INITIALLY DEFERRED;


--
-- Name: employee_id_proof employee_id_proof_id_type_id_c018f5f0_fk_employee_; Type: FK CONSTRAINT; Schema: public; Owner: vaqas
--

ALTER TABLE ONLY public.employee_id_proof
    ADD CONSTRAINT employee_id_proof_id_type_id_c018f5f0_fk_employee_ FOREIGN KEY (id_type_id) REFERENCES public.employee_id_type_choice(id_type_choice) DEFERRABLE INITIALLY DEFERRED;


--
-- Name: employee_journal_voucher employee_journal_vou_head_id_f225766e_fk_employee_; Type: FK CONSTRAINT; Schema: public; Owner: vaqas
--

ALTER TABLE ONLY public.employee_journal_voucher
    ADD CONSTRAINT employee_journal_vou_head_id_f225766e_fk_employee_ FOREIGN KEY (head_id) REFERENCES public.employee_head(value) DEFERRABLE INITIALLY DEFERRED;


--
-- Name: employee_journal_voucher employee_journal_vou_major_head_id_7e4482a4_fk_employee_; Type: FK CONSTRAINT; Schema: public; Owner: vaqas
--

ALTER TABLE ONLY public.employee_journal_voucher
    ADD CONSTRAINT employee_journal_vou_major_head_id_7e4482a4_fk_employee_ FOREIGN KEY (major_head_id) REFERENCES public.employee_major_head(value) DEFERRABLE INITIALLY DEFERRED;


--
-- Name: employee_journal_voucher employee_journal_vou_sub_head_id_9a515f9d_fk_employee_; Type: FK CONSTRAINT; Schema: public; Owner: vaqas
--

ALTER TABLE ONLY public.employee_journal_voucher
    ADD CONSTRAINT employee_journal_vou_sub_head_id_9a515f9d_fk_employee_ FOREIGN KEY (sub_head_id) REFERENCES public.employee_sub_head(value) DEFERRABLE INITIALLY DEFERRED;


--
-- Name: employee_payment_voucher employee_payment_vou_bank_id_a51de71a_fk_employee_; Type: FK CONSTRAINT; Schema: public; Owner: vaqas
--

ALTER TABLE ONLY public.employee_payment_voucher
    ADD CONSTRAINT employee_payment_vou_bank_id_a51de71a_fk_employee_ FOREIGN KEY (bank_id) REFERENCES public.employee_bank_choice(bank_choice) DEFERRABLE INITIALLY DEFERRED;


--
-- Name: employee_payment_voucher employee_payment_vou_branch_id_1b187c35_fk_employee_; Type: FK CONSTRAINT; Schema: public; Owner: vaqas
--

ALTER TABLE ONLY public.employee_payment_voucher
    ADD CONSTRAINT employee_payment_vou_branch_id_1b187c35_fk_employee_ FOREIGN KEY (branch_id) REFERENCES public.employee_branch_choice(branch_choice) DEFERRABLE INITIALLY DEFERRED;


--
-- Name: employee_payment_voucher employee_payment_vou_head_id_0e3df63f_fk_employee_; Type: FK CONSTRAINT; Schema: public; Owner: vaqas
--

ALTER TABLE ONLY public.employee_payment_voucher
    ADD CONSTRAINT employee_payment_vou_head_id_0e3df63f_fk_employee_ FOREIGN KEY (head_id) REFERENCES public.employee_head(value) DEFERRABLE INITIALLY DEFERRED;


--
-- Name: employee_payment_voucher employee_payment_vou_major_head_id_cae50b2c_fk_employee_; Type: FK CONSTRAINT; Schema: public; Owner: vaqas
--

ALTER TABLE ONLY public.employee_payment_voucher
    ADD CONSTRAINT employee_payment_vou_major_head_id_cae50b2c_fk_employee_ FOREIGN KEY (major_head_id) REFERENCES public.employee_major_head(value) DEFERRABLE INITIALLY DEFERRED;


--
-- Name: employee_payment_voucher employee_payment_vou_sub_head_id_dd92434f_fk_employee_; Type: FK CONSTRAINT; Schema: public; Owner: vaqas
--

ALTER TABLE ONLY public.employee_payment_voucher
    ADD CONSTRAINT employee_payment_vou_sub_head_id_dd92434f_fk_employee_ FOREIGN KEY (sub_head_id) REFERENCES public.employee_sub_head(value) DEFERRABLE INITIALLY DEFERRED;


--
-- Name: employee_voucherhead employee_voucherhead_voucher_id_0c44e120_fk_employee_; Type: FK CONSTRAINT; Schema: public; Owner: vaqas
--

ALTER TABLE ONLY public.employee_voucherhead
    ADD CONSTRAINT employee_voucherhead_voucher_id_0c44e120_fk_employee_ FOREIGN KEY (voucher_id) REFERENCES public.employee_voucher(voucher_number) DEFERRABLE INITIALLY DEFERRED;


--
-- Name: employee_voucherparticulars employee_voucherpart_voucher_id_ee062302_fk_employee_; Type: FK CONSTRAINT; Schema: public; Owner: vaqas
--

ALTER TABLE ONLY public.employee_voucherparticulars
    ADD CONSTRAINT employee_voucherpart_voucher_id_ee062302_fk_employee_ FOREIGN KEY (voucher_id) REFERENCES public.employee_voucher(voucher_number) DEFERRABLE INITIALLY DEFERRED;


--
-- Name: employee_withdrawl_entry employee_withdrawl_e_society_account_id_4088064c_fk_employee_; Type: FK CONSTRAINT; Schema: public; Owner: vaqas
--

ALTER TABLE ONLY public.employee_withdrawl_entry
    ADD CONSTRAINT employee_withdrawl_e_society_account_id_4088064c_fk_employee_ FOREIGN KEY (society_account_id) REFERENCES public.employee_deposits_table(id) DEFERRABLE INITIALLY DEFERRED;


--
-- Name: SCHEMA public; Type: ACL; Schema: -; Owner: vaqas
--

GRANT ALL ON SCHEMA public TO PUBLIC;


--
-- PostgreSQL database dump complete
--

